factor,analysis,n,statistic,statistic_unit,p_value,caution
noaa_max_dhw,Spearman rank correlation,5821,-0.004374215831262044,rho,0.7386340145248467,Descriptive lagged association; not a causal effect
noaa_mean_ssta,Spearman rank correlation,5821,-0.01321723861840712,rho,0.31333781477620953,Descriptive lagged association; not a causal effect
grp_disturbance_indicators,Spearman rank correlation,5821,0.06785653010584972,rho,2.195099934926538e-7,Descriptive lagged association; not a causal effect
grp_pollution_indicators,Spearman rank correlation,5821,0.02754366852033618,rho,0.035605455303752614,Descriptive lagged association; not a causal effect
fish_parrotfish,Spearman rank correlation,5821,0.0012579798156661386,rho,0.9235542495868936,Descriptive lagged association; not a causal effect
grazer_ratio,Spearman rank correlation,5821,-0.00489196716057307,rho,0.7090315600461858,Descriptive lagged association; not a causal effect
impact_anchor,Mean difference: mentioned minus not mentioned,5821,-0.2155618616144075,percentage points per year,0.12846773380483076,Narrative mention comparison; absence may mean unreported
impact_trash,Mean difference: mentioned minus not mentioned,5821,0.17989654158701326,percentage points per year,0.3028739303368855,Narrative mention comparison; absence may mean unreported
impact_bleaching,Mean difference: mentioned minus not mentioned,5821,0.17134280363615373,percentage points per year,0.19898599254072824,Narrative mention comparison; absence may mean unreported
