survey_year,island,ecoregion,n_sites,lcc_prev,years_since_prev,lcc_change,latitude,longitude,noaa_max_dhw,noaa_mean_ssta,dhw_peak_prev_year,prev_share_other,prev_share_sand,prev_share_disturb,prev_share_pollution,prev_fish_butterflyfish,prev_fish_snapper,prev_fish_parrotfish,prev_fish_grouper,prev_fish_sweetlips,prev_fish_moray_eel,prev_inv_diadema_urchin,prev_inv_sea_cucumber,prev_inv_giant_clam,prev_inv_crown_of_thorns,prev_impact_anchor,prev_impact_nets,prev_impact_trash,prev_impact_bleaching,prev_impact_cot,prev_grazer_ratio,prev_cot_outbreak,prev_n_highvalue_fish_absent,prev_n_curio_inverts_absent,prev_lcc_change,prev_island_vs_region_pct,n_eff_sites
2019,Aur & Dayang,Sunda Shelf,6.0,44.58,1.0,-4.37,2.4481,104.5164,0.3,0.85,0.15,2.634428004330567,13.533020570191267,16.167448574521835,16.167448574521835,3.46,0.08,4.25,1.13,0.0,0.13,0.33,1.71,1.38,0.38,0.0,0.0,0.0,0.0,0.0,12.879,1.0,2.0,3.0,,-6.95,3.0
2020,Aur & Dayang,Sunda Shelf,6.0,40.21,1.0,-3.63,2.4481,104.5164,0.91,0.83,0.3,1.2209399565144674,12.192674360260913,13.246362267937783,35.708312426827234,5.46,0.25,5.67,0.75,0.0,0.0,0.08,2.58,0.58,0.5,0.0,0.0,1.0,0.0,0.0,70.875,1.0,3.0,3.0,-4.37,-9.0,3.0
2021,Aur & Dayang,Sunda Shelf,6.0,36.58,1.0,2.07,2.4481,104.5164,0.16,0.73,0.91,0.6622516556291391,12.961210974456009,18.05424156417534,36.14001892147588,3.33,0.13,5.08,1.25,0.25,0.08,0.04,4.21,0.63,0.58,0.0,1.0,1.0,1.0,0.0,127.0,1.0,2.0,3.0,-3.63,-10.7,3.0
2022,Aur & Dayang,Sunda Shelf,6.0,38.65,1.0,0.52,2.4481,104.5164,0.33,0.77,0.16,0.5052974735126324,11.19804400977995,31.06764466177669,33.121434392828036,2.46,0.29,1.75,0.75,0.0,0.0,0.21,6.08,0.88,0.54,1.0,1.0,1.0,1.0,1.0,8.333,1.0,3.0,3.0,2.07,-11.84,3.0
2023,Aur & Dayang,Sunda Shelf,6.0,39.17,1.0,-3.96,2.4481,104.5164,1.2,0.81,0.33,0.16441959881617887,14.55113449523183,25.69878329496876,19.53304833936205,2.75,0.71,1.5,0.42,0.04,0.0,0.75,5.46,1.42,0.75,1.0,1.0,1.0,1.0,1.0,2.0,1.0,3.0,3.0,0.52,-14.17,3.0
2024,Aur & Dayang,Sunda Shelf,,35.21,1.0,2.82,2.4481,104.5164,9.44,1.19,1.2,0.648248186448526,11.097391572773578,30.54483716622936,19.771569686680046,4.04,0.96,4.88,0.79,0.17,0.0,0.58,6.33,0.88,0.38,1.0,1.0,1.0,1.0,1.0,8.414,1.0,2.0,3.0,-3.96,-18.06,3.0
2025,Aur & Dayang,Sunda Shelf,,38.03,1.0,-2.61,2.4481,104.5164,1.88,0.73,9.44,0.33881897386253623,13.101000322684737,31.76831235882543,17.82833171990965,4.38,0.38,2.63,0.21,0.0,0.04,3.96,2.63,0.54,0.29,1.0,1.0,1.0,1.0,1.0,0.664,0.0,2.0,3.0,2.82,-12.18,3.0
2021,Besar,Sunda Shelf,7.0,35.17,1.0,4.64,2.4333,103.9667,0.16,0.73,0.91,2.205428747686613,17.90561381863047,29.62677359654534,25.894509561998763,7.71,1.39,1.68,0.5,0.54,0.11,37.75,0.0,0.07,0.0,1.0,1.0,1.0,1.0,0.0,0.045,0.0,3.0,3.0,,-12.11,3.5
2022,Besar,Sunda Shelf,7.0,39.81,1.0,8.58,2.4333,103.9667,0.33,0.77,0.16,2.225913621262458,18.853820598006642,28.63787375415282,19.43521594684385,6.25,2.89,1.11,0.57,0.61,0.21,39.11,0.0,0.07,0.0,1.0,1.0,1.0,1.0,0.0,0.028,0.0,3.0,3.0,4.64,-10.68,3.5
2023,Besar,Sunda Shelf,7.0,48.39,1.0,2.24,2.4333,103.9667,1.2,0.81,0.33,8.816120906801007,15.229606665374929,13.15636504553381,19.8992443324937,9.61,3.61,2.64,0.36,0.36,0.04,44.0,0.0,0.14,0.0,1.0,1.0,1.0,1.0,0.0,0.06,0.0,3.0,3.0,8.58,-4.95,3.5
2024,Besar,Sunda Shelf,6.0,50.63,1.0,-8.22,2.4333,103.9667,9.44,1.19,1.2,2.3496050232934977,19.161434069272836,17.541016811829042,11.930322057929915,8.79,3.68,1.89,0.43,0.75,0.04,54.68,0.0,0.0,0.0,1.0,1.0,1.0,1.0,0.0,0.035,0.0,3.0,2.0,2.24,-2.64,3.230769230769231
2025,Besar,Sunda Shelf,7.0,42.41,1.0,0.63,2.4333,103.9667,1.88,0.73,9.44,1.2330670371656824,29.610976033344915,27.59638763459535,18.148662730114623,6.86,1.07,3.04,1.43,0.86,0.04,31.29,0.0,0.04,0.0,1.0,1.0,1.0,1.0,0.0,0.097,0.0,3.0,3.0,-8.22,-7.8,3.230769230769231
2014,Bidong & Yu,Sunda Shelf,6.0,54.53,1.0,0.05,5.6167,103.05,1.47,0.52,1.32,4.362194315928619,3.4368803701255786,25.027539105529854,16.06080634500992,4.08,4.29,1.58,1.42,0.04,0.17,1.0,1.71,0.75,0.46,1.0,0.0,1.0,0.0,1.0,1.58,1.0,3.0,2.0,,-2.12,3.0
2015,Bidong & Yu,Sunda Shelf,6.0,54.58,1.0,7.92,5.6167,103.05,0.0,0.52,1.47,4.5804888791015195,4.140057256110988,24.994494604712617,1.8277912354107022,2.63,25.54,4.54,1.79,0.0,0.08,0.42,1.08,0.92,0.54,0.0,0.0,1.0,1.0,0.0,10.81,1.0,3.0,2.0,0.05,-1.8,3.0
2016,Bidong & Yu,Sunda Shelf,6.0,62.5,1.0,-9.16,5.6167,103.05,7.25,1.06,0.0,4.986666666666667,6.1066666666666665,23.06666666666667,5.28,3.92,14.08,4.21,1.25,0.0,0.08,0.58,0.79,0.38,2.04,1.0,0.0,1.0,1.0,0.0,7.259,1.0,2.0,3.0,7.92,4.34,3.0
2017,Bidong & Yu,Sunda Shelf,6.0,53.34,1.0,-5.01,5.6167,103.05,0.0,0.77,7.25,4.242554103278337,4.906792371973431,39.51146346689522,5.356760231412042,3.63,15.21,0.83,0.79,0.0,0.0,1.83,1.42,0.58,1.38,0.0,0.0,0.0,0.0,0.0,0.454,1.0,2.0,3.0,-9.16,-2.25,3.0
2018,Bidong & Yu,Sunda Shelf,6.0,48.33,1.0,3.65,5.6167,103.05,0.15,0.61,0.0,3.8327526132404177,3.4262485481997675,48.180410375532325,2.013162988772745,5.12,17.17,1.08,0.33,0.0,0.04,0.67,1.29,0.75,1.21,1.0,1.0,1.0,0.0,0.0,1.612,1.0,2.0,3.0,-5.01,-5.88,3.0
2019,Bidong & Yu,Sunda Shelf,6.0,51.98,1.0,-7.39,5.6167,103.05,0.3,0.85,0.15,9.766763848396502,4.5605997501041236,13.22365680966264,13.660974593919198,4.21,24.63,1.88,0.63,0.0,0.0,2.54,0.38,4.92,0.83,1.0,1.0,1.0,0.0,0.0,0.74,1.0,3.0,3.0,3.65,0.45,3.0
2020,Bidong & Yu,Sunda Shelf,6.0,44.59,1.0,2.06,5.6167,103.05,0.91,0.83,0.3,14.11042944785276,2.4359437026344284,14.092385420425838,37.96463370624323,5.79,14.4,2.96,0.75,0.04,0.0,4.46,1.58,1.13,0.75,0.0,1.0,1.0,1.0,0.0,0.664,1.0,2.0,2.0,-7.39,-4.62,3.0
2021,Bidong & Yu,Sunda Shelf,6.0,46.65,1.0,8.87,5.6167,103.05,0.16,0.73,0.91,1.9501218826176638,4.29401837614851,8.58803675229702,59.00993812113256,3.79,31.46,4.13,0.75,0.0,0.08,1.96,2.13,0.83,0.88,0.0,1.0,0.0,1.0,0.0,2.107,1.0,3.0,3.0,2.06,-0.63,3.0
2022,Bidong & Yu,Sunda Shelf,6.0,55.52,1.0,8.02,5.6167,103.05,0.33,0.77,0.16,0.9444569372610749,12.637733303350574,18.97908702496065,12.637733303350574,4.5,85.17,2.33,1.54,0.0,0.0,2.75,1.33,0.88,0.25,1.0,1.0,0.0,1.0,1.0,0.847,0.0,3.0,3.0,8.87,5.03,3.0
2023,Bidong & Yu,Sunda Shelf,,63.54,1.0,4.07,5.6167,103.05,1.2,0.81,0.33,3.7037037037037033,5.706447187928669,9.7119341563786,4.581618655692729,4.71,10.79,6.71,1.25,0.0,0.08,3.38,1.46,1.63,0.33,1.0,1.0,1.0,1.0,1.0,1.985,1.0,3.0,3.0,8.02,10.2,3.0
2024,Bidong & Yu,Sunda Shelf,6.0,67.61,1.0,-8.34,5.6167,103.05,9.44,1.19,1.2,1.9141710404445815,12.53473294226613,15.128125964803955,11.57764742204384,2.75,13.46,1.25,0.67,0.58,0.04,6.17,2.79,1.25,0.75,0.0,1.0,1.0,1.0,1.0,0.203,1.0,2.0,3.0,4.07,14.34,3.0
2025,Bidong & Yu,Sunda Shelf,6.0,59.27,1.0,-11.25,5.6167,103.05,1.88,0.73,9.44,2.0378099680824944,13.307144610851951,19.445126442425728,7.414682052541124,2.33,4.92,9.92,2.04,0.0,0.04,4.25,2.92,1.08,0.5,0.0,1.0,1.0,1.0,1.0,2.334,1.0,3.0,3.0,-8.34,9.06,3.0
2023,Gual,Sunda Shelf,9.0,56.94,1.0,-2.7,2.4719,104.0167,1.2,0.81,0.33,2.7409988385598143,23.55400696864112,24.99419279907085,7.409988385598141,7.89,0.25,2.58,1.67,0.0,0.03,57.58,0.0,0.08,0.0,1.0,1.0,0.0,1.0,0.0,0.045,0.0,3.0,3.0,,3.6,4.5
2024,Gual,Sunda Shelf,9.0,54.24,1.0,1.52,2.4719,104.0167,9.44,1.19,1.2,2.1192921127376008,18.3526327288617,17.303910858641032,8.95783264146821,8.81,1.19,3.39,1.53,0.33,0.03,71.36,0.03,0.08,0.0,1.0,1.0,1.0,1.0,0.0,0.048,0.0,2.0,3.0,-2.7,0.97,4.5
2025,Gual,Sunda Shelf,6.0,55.76,1.0,-10.45,2.4719,104.0167,1.88,0.73,9.44,1.5596745027124772,23.236889692585894,17.585895117540687,3.4584086799276674,8.17,0.81,4.17,0.67,0.0,0.03,67.31,0.0,0.0,0.0,0.0,1.0,1.0,1.0,0.0,0.062,0.0,3.0,3.0,1.52,5.55,3.5999999999999996
2023,Harimau,Sunda Shelf,7.0,52.59,1.0,11.52,2.5083,103.9317,1.2,0.81,0.33,2.446741193840962,24.488504534908248,15.629614005484077,7.909723686985869,10.14,1.93,5.0,1.29,0.07,0.07,85.68,4.54,0.21,0.0,1.0,1.0,1.0,1.0,0.0,0.058,0.0,3.0,3.0,,-0.75,3.5
2024,Harimau,Sunda Shelf,7.0,64.11,1.0,-3.84,2.5083,103.9317,9.44,1.19,1.2,2.7305656171635553,16.912789077737532,32.850376149345216,9.194761772081359,11.93,4.18,2.54,1.25,0.25,0.11,127.54,0.89,0.32,0.04,1.0,1.0,1.0,1.0,0.0,0.02,0.0,3.0,3.0,11.52,10.84,3.5
2025,Harimau,Sunda Shelf,6.0,60.27,1.0,-11.31,2.5083,103.9317,1.88,0.73,9.44,2.9189733266230493,26.748867639657774,18.87267237040765,6.970306995470558,9.71,3.0,2.64,1.75,0.11,0.11,109.54,0.43,0.07,0.04,1.0,1.0,1.0,1.0,1.0,0.024,0.0,3.0,2.0,-3.84,10.06,3.230769230769231
2023,Hujung,Sunda Shelf,9.0,53.19,1.0,2.64,2.4833,103.9833,1.2,0.81,0.33,10.53193762016663,21.06387524033326,11.728263191625722,9.207434308908352,12.08,1.53,1.42,0.58,0.31,0.0,218.39,1.69,0.17,0.0,1.0,1.0,1.0,1.0,0.0,0.007,0.0,3.0,3.0,,-0.15,4.5
2024,Hujung,Sunda Shelf,9.0,55.83,1.0,-9.23,2.4833,103.9833,9.44,1.19,1.2,1.8795289855072463,22.48641304347826,23.754528985507246,7.857789855072466,13.06,0.75,2.4,0.56,0.08,0.03,213.72,0.47,0.06,0.0,1.0,1.0,1.0,1.0,0.0,0.011,0.0,3.0,3.0,2.64,2.56,4.5
2025,Hujung,Sunda Shelf,6.0,46.6,1.0,-4.83,2.4833,103.9833,1.88,0.73,9.44,3.257816888223179,15.727391874180865,19.247331960307058,5.205017786931285,12.14,1.89,2.83,0.81,0.03,0.08,218.06,0.56,0.14,0.0,1.0,1.0,1.0,1.0,0.0,0.013,0.0,3.0,3.0,-9.23,-3.61,3.5999999999999996
2016,Kapalai,North Borneo,4.0,7.63,1.0,3.63,4.225,118.6833,10.52,0.97,3.68,5.682433163762312,30.717610130966555,20.56499621171122,3.7991124580582314,7.55,5.25,2.1,0.75,0.4,0.5,8.3,0.0,0.65,0.0,0.0,0.0,0.0,0.0,0.0,0.253,0.0,2.0,2.0,,-32.69,2.2222222222222223
2017,Kapalai,North Borneo,4.0,11.26,1.0,1.55,4.225,118.6833,6.7,0.96,10.52,8.101408450704225,36.439436619718315,16.37183098591549,11.447887323943661,7.25,0.81,3.69,2.19,0.19,0.19,9.44,0.0,0.5,0.0,1.0,0.0,1.0,1.0,0.0,0.391,0.0,2.0,3.0,3.63,-25.31,2.0
2018,Kapalai,North Borneo,6.0,12.81,1.0,5.63,4.225,118.6833,1.71,0.83,6.7,8.063776095434733,25.2695572378986,22.401927047487955,11.826106905253498,7.06,3.69,2.13,0.69,0.13,0.38,10.56,0.0,0.44,0.0,0.0,1.0,1.0,0.0,0.0,0.202,0.0,2.0,1.0,1.55,-23.67,2.4000000000000004
2019,Kapalai,North Borneo,6.0,18.44,1.0,-3.76,4.225,118.6833,7.74,0.87,1.71,7.5404610102991665,21.456596370769983,30.394801373222162,5.872976949485042,6.38,9.83,2.29,0.63,0.08,0.54,25.4,0.04,0.54,0.04,1.0,0.0,1.0,1.0,0.0,0.09,0.0,2.0,0.0,5.63,-17.92,3.0
2020,Kapalai,North Borneo,4.0,14.68,1.0,2.51,4.225,118.6833,7.87,1.03,7.74,11.849507735583684,18.073136427566805,28.691983122362867,9.646038443506798,8.0,13.88,2.58,0.33,0.17,0.67,35.29,0.0,0.71,0.04,1.0,0.0,1.0,1.0,0.0,0.073,0.0,2.0,0.0,-3.76,-16.92,2.4000000000000004
2021,Kapalai,North Borneo,6.0,17.19,1.0,1.04,4.225,118.6833,2.18,0.98,7.87,5.470353822002174,12.824538099263371,37.7490641226905,12.087912087912088,8.25,0.75,0.56,0.13,0.0,0.31,66.31,0.0,0.69,0.0,1.0,1.0,1.0,1.0,0.0,0.008,0.0,2.0,1.0,2.51,-19.23,2.4000000000000004
2022,Kapalai,North Borneo,6.0,18.23,1.0,6.04,4.225,118.6833,0.92,0.88,2.18,2.8001956468574223,13.377353876253363,31.083394472976277,18.085106382978722,4.5,3.13,0.04,0.08,0.0,0.17,18.88,0.04,0.33,0.0,1.0,1.0,1.0,1.0,0.0,0.002,0.0,1.0,1.0,1.04,-21.27,3.0
2023,Kapalai,North Borneo,6.0,24.27,1.0,-3.12,4.225,118.6833,8.7,1.09,0.92,12.650204674501516,26.000264096130994,18.024560940182226,6.7344513402878645,6.33,30.88,1.38,0.25,0.25,0.33,44.5,0.21,0.54,0.0,1.0,1.0,1.0,1.0,0.0,0.031,0.0,2.0,1.0,6.04,-19.04,3.0
2024,Kapalai,North Borneo,5.0,21.15,1.0,-0.65,4.225,118.6833,11.4,1.23,8.7,1.1919857976160284,17.30915546538169,19.0210499619579,8.191732183616535,3.04,1.04,1.38,0.33,0.21,0.08,28.71,0.17,0.5,0.0,1.0,1.0,1.0,1.0,0.0,0.048,0.0,2.0,1.0,-3.12,-16.98,2.727272727272727
2025,Kapalai,North Borneo,,20.5,1.0,-5.81,4.225,118.6833,4.04,1.01,11.4,0.9432775751477803,23.8963652370771,18.085775374166772,7.395296189158597,5.75,0.75,1.7,0.4,0.05,0.05,26.9,0.1,0.45,0.0,1.0,1.0,1.0,1.0,0.0,0.063,0.0,2.0,2.0,-0.65,-19.06,2.619047619047619
2013,Kapas,Sunda Shelf,,58.43,1.0,0.0,5.2167,103.2667,1.32,0.69,0.15,4.243008678881388,18.997107039537127,21.721311475409834,2.7242044358727093,4.25,1.05,6.6,1.05,0.35,0.05,0.0,0.45,4.95,0.0,0.0,0.0,0.0,0.0,1.0,,0.0,2.0,3.0,,1.78,2.5
2014,Kapas,Sunda Shelf,4.0,58.43,1.0,-1.55,5.2167,103.2667,1.47,0.52,1.32,,,,,4.25,1.05,6.6,1.05,0.35,0.05,48.1,4.95,0.15,0.45,0.0,0.0,0.0,0.0,1.0,0.137,1.0,2.0,3.0,0.0,1.78,2.2222222222222223
2015,Kapas,Sunda Shelf,5.0,56.88,1.0,-3.25,5.2167,103.2667,0.0,0.52,1.47,6.145640074211503,12.314471243042671,18.112244897959183,9.786641929499073,5.69,1.44,3.44,0.44,0.06,0.0,0.81,6.31,0.0,0.25,0.0,0.0,0.0,1.0,1.0,4.247,0.0,3.0,3.0,-1.55,0.5,2.2222222222222223
2016,Kapas,Sunda Shelf,5.0,53.63,1.0,-3.5,5.2167,103.2667,7.25,1.06,0.0,3.512931034482759,22.629310344827587,17.521551724137932,2.7155172413793105,6.6,4.2,3.1,0.7,0.0,0.0,36.85,6.8,0.1,0.25,1.0,1.0,1.0,1.0,1.0,0.084,0.0,3.0,3.0,-3.25,-4.53,2.5
2017,Kapas,Sunda Shelf,5.0,50.13,1.0,-0.12,5.2167,103.2667,0.0,0.77,7.25,5.012028869286287,20.549318364073777,14.033680834001602,30.834001603849238,6.3,0.85,2.6,1.1,0.2,0.0,40.45,3.35,0.7,1.05,1.0,0.0,0.0,1.0,1.0,0.064,1.0,2.0,3.0,-3.5,-5.46,2.5
2018,Kapas,Sunda Shelf,5.0,50.01,1.0,-5.13,5.2167,103.2667,0.15,0.61,0.0,,,,,4.1,0.35,2.1,0.8,0.15,0.05,25.95,6.95,0.15,0.6,0.0,1.0,1.0,0.0,0.0,0.081,1.0,3.0,3.0,-0.12,-4.2,2.5
2019,Kapas,Sunda Shelf,5.0,44.88,1.0,2.5,5.2167,103.2667,0.3,0.85,0.15,4.081262470524216,16.778523489932883,9.976419372392527,1.5962270995828043,4.3,1.25,4.2,1.65,0.05,0.0,16.7,2.1,0.3,1.9,0.0,1.0,0.0,0.0,0.0,0.251,1.0,2.0,3.0,-5.13,-6.65,2.5
2020,Kapas,Sunda Shelf,5.0,47.38,1.0,-2.88,5.2167,103.2667,0.91,0.83,0.3,8.073708206686929,19.243920972644375,1.6717325227963524,26.842705167173246,4.85,0.95,4.45,0.65,0.3,0.2,23.5,2.4,0.05,1.3,0.0,1.0,1.0,1.0,0.0,0.189,1.0,2.0,3.0,2.5,-1.83,2.5
2021,Kapas,Sunda Shelf,5.0,44.5,1.0,-1.11,5.2167,103.2667,0.16,0.73,0.91,0.4503693028283192,26.35561160151324,17.348225544946857,12.394163213835343,4.5,1.15,3.6,1.0,0.05,0.1,11.9,1.5,0.1,0.2,0.0,1.0,1.0,1.0,0.0,0.303,0.0,3.0,3.0,-2.88,-2.78,2.5
2022,Kapas,Sunda Shelf,5.0,43.39,1.0,4.24,5.2167,103.2667,0.33,0.77,0.16,0.21197668256491786,23.617735382441264,16.56951068715775,14.13177883766119,2.35,0.0,2.7,0.8,0.0,0.0,9.6,1.45,0.25,0.0,0.0,1.0,1.0,0.0,0.0,0.281,0.0,3.0,3.0,-1.11,-7.1,2.5
2023,Kapas,Sunda Shelf,5.0,47.63,1.0,2.62,5.2167,103.2667,1.2,0.81,0.33,0.47728140511645667,30.546009927453227,11.45475372279496,15.750286368843073,2.8,11.3,3.35,1.65,0.25,0.2,62.25,5.85,0.2,0.15,0.0,0.0,1.0,1.0,1.0,0.054,0.0,2.0,3.0,4.24,-5.71,2.5
2024,Kapas,Sunda Shelf,,50.25,1.0,-2.73,5.2167,103.2667,9.44,1.19,1.2,1.507537688442211,24.120603015075375,10.552763819095476,29.64824120603015,6.0,10.8,4.15,2.1,0.0,0.05,30.3,6.65,0.2,0.2,0.0,0.0,1.0,1.0,1.0,0.137,0.0,2.0,2.0,2.62,-3.02,2.5
2025,Kapas,Sunda Shelf,5.0,47.52,1.0,5.11,5.2167,103.2667,1.88,0.73,9.44,4.553248237759573,21.947037530958276,10.611545056201182,8.344446561249761,3.35,5.7,7.15,3.9,1.3,0.25,19.0,5.25,0.1,0.05,0.0,1.0,1.0,1.0,1.0,0.376,0.0,2.0,2.0,-2.73,-2.69,2.5
2014,Kuching,Sunda Shelf,1.0,75.7,1.0,-20.7,1.9167,110.0833,1.24,0.47,1.85,4.292199752373092,55.71605447791993,12.463887742468014,3.8794882377218323,3.08,0.17,1.96,0.42,0.13,0.0,8.08,0.0,0.0,0.0,0.0,1.0,1.0,0.0,0.0,0.243,0.0,3.0,3.0,,19.05,0.6000000000000001
2015,Kuching,Sunda Shelf,2.0,55.0,1.0,14.69,1.9167,110.0833,1.19,0.49,1.24,4.176849588980226,9.731170850922018,44.434570095534326,29.17129526771829,16.25,5.25,0.0,0.0,0.0,0.0,61.0,0.0,0.0,0.0,1.0,0.0,1.0,1.0,0.0,0.0,0.0,3.0,3.0,-20.7,-1.38,0.6666666666666666
2016,Labuan,North Borneo,3.0,56.23,3.0,-14.56,5.3167,115.2167,10.52,0.97,3.68,25.251371115173676,4.296160877513711,14.76234003656307,15.242230347349178,5.92,4.33,0.83,0.08,1.67,0.08,0.17,0.25,0.33,0.08,0.0,0.0,0.0,0.0,0.0,4.882,0.0,3.0,2.0,,13.51,1.7142857142857144
2018,Labuan,North Borneo,4.0,41.67,2.0,-18.23,5.3167,115.2167,1.71,0.83,6.7,24.28449014567266,18.21765209940017,15.715509854327333,6.786632390745501,2.08,1.33,1.17,0.17,0.08,0.08,1.17,0.0,0.42,0.0,0.0,0.0,0.0,1.0,0.0,1.0,0.0,3.0,3.0,-14.56,5.1,1.7142857142857144
2019,Labuan,North Borneo,4.0,23.44,1.0,6.1,5.3167,115.2167,7.74,0.87,1.71,7.143789996082017,22.045187410212876,9.794958861172784,10.00391798354447,0.25,2.0,4.19,0.13,0.31,0.0,0.56,0.19,0.88,0.0,1.0,0.0,0.0,0.0,0.0,7.482,0.0,3.0,3.0,-18.23,-12.92,2.0
2022,Labuan,North Borneo,4.0,29.54,3.0,12.65,5.3167,115.2167,0.92,0.88,2.18,3.7746558819355758,15.964240102171138,9.30892578402157,21.058606499219525,2.19,4.13,5.81,0.06,0.44,0.13,2.44,0.0,0.44,0.0,0.0,0.0,0.0,0.0,0.0,2.381,0.0,3.0,2.0,6.1,-2.06,2.0
2023,Labuan,North Borneo,,42.19,1.0,-3.27,5.3167,115.2167,8.7,1.09,0.92,0.8128675198893117,31.35593220338983,39.45001729505362,2.438602559667935,1.94,2.25,1.75,1.06,0.0,0.0,0.38,0.69,1.75,0.0,0.0,0.0,0.0,0.0,0.0,4.605,0.0,3.0,3.0,12.65,-1.12,2.0
2025,Labuan,North Borneo,,38.92,2.0,-14.69,5.3167,115.2167,4.04,1.01,11.4,4.3549443352979695,34.00458415193189,24.296005239030777,13.310412573673872,1.13,1.38,0.75,0.44,0.13,0.0,0.94,0.25,0.69,0.0,0.0,0.0,0.0,1.0,0.0,0.798,0.0,3.0,3.0,-3.27,0.79,2.0
2014,Lahad Datu,North Borneo,15.0,40.87,1.0,0.71,5.0167,118.3333,5.17,0.68,1.88,6.599932134373939,21.71700033932813,27.655242619613162,3.6477774007465213,2.72,1.08,2.0,0.17,0.0,0.0,42.6,0.0,0.39,0.11,0.0,1.0,1.0,0.0,0.0,0.047,0.0,2.0,2.0,,-1.85,7.5
2015,Lahad Datu,North Borneo,15.0,41.58,1.0,-8.7,5.0167,118.3333,3.68,0.65,5.17,4.707292023279699,16.484080794248545,23.040054775761725,14.618281410475861,2.63,2.13,3.53,0.32,0.03,0.0,48.88,0.0,0.38,0.12,1.0,1.0,1.0,1.0,1.0,0.072,0.0,3.0,3.0,0.71,-1.71,7.5
2016,Lahad Datu,North Borneo,15.0,32.88,1.0,-12.38,5.0167,118.3333,10.52,0.97,3.68,5.093833780160858,18.498659517426272,18.185880250223416,5.659815311289842,2.05,1.08,1.98,0.28,0.07,0.05,46.83,0.0,0.18,0.7,0.0,0.0,1.0,0.0,1.0,0.042,1.0,2.0,3.0,-8.7,-7.44,7.5
2017,Lahad Datu,North Borneo,15.0,20.5,1.0,10.5,5.0167,118.3333,6.7,0.96,10.52,,,,,4.57,2.27,2.15,0.25,0.05,0.02,74.6,0.0,0.4,0.98,1.0,1.0,1.0,0.0,1.0,0.029,1.0,3.0,2.0,-12.38,-16.07,7.5
2018,Lahad Datu,North Borneo,15.0,31.0,1.0,-6.34,5.0167,118.3333,1.71,0.83,6.7,3.739130434782609,17.144927536231886,34.53623188405797,4.536231884057971,4.47,1.55,14.28,0.22,0.05,0.0,78.53,0.0,0.12,0.62,0.0,0.0,1.0,0.0,1.0,0.182,1.0,1.0,3.0,10.5,-5.48,7.5
2019,Lahad Datu,North Borneo,15.0,24.66,1.0,0.59,5.0167,118.3333,7.74,0.87,1.71,2.761184123191292,17.589273861675295,21.014204168326035,3.9293774060799156,2.0,0.53,2.25,0.07,0.1,0.0,137.92,0.0,0.35,0.1,0.0,1.0,1.0,0.0,1.0,0.016,0.0,3.0,3.0,-6.34,-11.7,7.5
2020,Lahad Datu,North Borneo,15.0,25.25,1.0,3.87,5.0167,118.3333,7.87,1.03,7.74,1.4044943820224718,22.84644194756554,28.651685393258425,1.3911182450508293,2.27,0.27,3.13,0.13,0.07,0.0,109.43,0.0,0.13,0.18,0.0,1.0,1.0,0.0,1.0,0.029,0.0,3.0,3.0,0.59,-6.35,7.5
2021,Lahad Datu,North Borneo,15.0,29.12,1.0,3.54,5.0167,118.3333,2.18,0.98,7.87,2.0036686891491464,20.812755749964726,29.180189078594616,3.6404684633836606,1.92,0.5,6.32,0.03,0.03,0.02,81.28,0.0,0.27,0.03,0.0,1.0,1.0,0.0,0.0,0.078,0.0,3.0,3.0,3.87,-7.3,7.5
2022,Lahad Datu,North Borneo,15.0,32.66,1.0,10.34,5.0167,118.3333,0.92,0.88,2.18,2.108389012620638,21.544172234595393,29.339272457312543,3.1477357089829248,3.02,0.78,8.0,1.25,0.1,0.0,112.23,0.0,0.25,0.08,0.0,1.0,1.0,1.0,1.0,0.071,0.0,3.0,2.0,3.54,-6.84,7.5
2023,Lahad Datu,North Borneo,,43.0,1.0,-7.75,5.0167,118.3333,8.7,1.09,0.92,3.94667602175057,25.732327661813713,22.59252762673215,3.2976670759515865,1.42,0.72,0.8,0.1,0.0,0.0,300.63,0.02,0.43,3.15,1.0,1.0,1.0,1.0,1.0,0.003,1.0,2.0,2.0,10.34,-0.31,7.5
2024,Lahad Datu,North Borneo,18.0,35.25,1.0,0.44,5.0167,118.3333,11.4,1.23,8.7,3.350833848054355,21.247683755404573,25.895614576899323,3.6287831995058686,0.74,0.13,1.74,0.06,0.03,0.0,145.46,0.03,0.34,0.79,0.0,1.0,1.0,1.0,1.0,0.012,1.0,1.0,2.0,-7.75,-2.88,8.181818181818182
2025,Lahad Datu,North Borneo,18.0,35.69,1.0,5.73,5.0167,118.3333,4.04,1.01,11.4,1.135126729902037,21.225314881044937,23.215674078681385,6.530866117244597,1.36,1.64,1.81,0.13,0.0,0.0,127.21,0.0,0.44,1.79,1.0,1.0,1.0,1.0,1.0,0.014,1.0,2.0,2.0,0.44,-3.87,9.0
2022,Lang Tengah,Sunda Shelf,4.0,36.88,4.0,9.21,5.7917,102.8917,0.33,0.77,0.16,10.391256138127673,9.900205924283226,32.67859971487407,15.84032947885316,4.63,3.38,6.0,2.75,0.0,0.0,8.5,11.13,10.63,0.25,0.0,0.0,0.0,0.0,0.0,0.706,0.0,3.0,3.0,,-14.65,1.3333333333333333
2023,Lang Tengah,Sunda Shelf,,46.09,1.0,9.39,5.7917,102.8917,1.2,0.81,0.33,1.1686143572621035,11.018363939899835,22.890001854943424,28.120942311259512,8.38,5.19,6.56,2.31,0.06,0.06,6.56,29.25,12.81,0.0,1.0,1.0,1.0,1.0,0.0,1.0,0.0,2.0,3.0,9.21,-7.25,2.0
2024,Lang Tengah,Sunda Shelf,,55.48,1.0,-18.77,5.7917,102.8917,9.44,1.19,1.2,1.7520215633423184,7.008086253369274,36.477987421383645,39.33063791554358,8.0,0.81,5.19,1.75,0.06,0.0,14.0,36.56,26.56,0.0,0.0,0.0,1.0,1.0,0.0,0.371,0.0,2.0,3.0,9.39,2.21,2.0
2025,Lang Tengah,Sunda Shelf,4.0,36.71,1.0,-9.99,5.7917,102.8917,1.88,0.73,9.44,1.4852267340812135,11.344604202875653,30.099541791752255,16.053088955601204,10.44,5.69,21.5,3.25,0.5,0.06,5.25,58.19,19.56,0.0,0.0,1.0,1.0,1.0,0.0,4.095,0.0,2.0,3.0,-18.77,-13.5,2.0
2014,Lankayan,North Borneo,15.0,54.04,1.0,-7.75,6.5028,117.9239,5.17,0.68,1.88,5.748633879781421,9.748633879781421,39.431693989071036,4.19672131147541,3.8,10.2,0.48,0.22,0.15,0.02,3.28,1.87,2.08,0.35,0.0,1.0,1.0,1.0,1.0,0.146,1.0,1.0,3.0,,11.32,7.5
2015,Lankayan,North Borneo,15.0,46.29,1.0,1.92,6.5028,117.9239,3.68,0.65,5.17,6.516477378514243,8.452802085272761,50.04654626698939,4.729100726121764,3.48,15.88,0.43,0.33,0.17,0.0,1.3,1.13,0.87,0.0,0.0,0.0,1.0,1.0,0.0,0.331,0.0,1.0,3.0,-7.75,3.0,7.5
2016,Lankayan,North Borneo,15.0,48.21,1.0,0.7,6.5028,117.9239,10.52,0.97,3.68,9.652509652509652,7.084942084942085,61.13899613899615,4.498069498069499,3.73,11.2,0.58,0.25,0.1,0.0,9.3,1.08,1.3,0.08,0.0,0.0,0.0,1.0,1.0,0.062,0.0,1.0,2.0,1.92,7.89,7.5
2017,Lankayan,North Borneo,15.0,48.91,1.0,-11.83,6.5028,117.9239,6.7,0.96,10.52,8.571428571428571,9.452054794520548,45.420743639921724,4.911937377690802,2.92,12.2,0.2,0.1,0.07,0.03,9.52,1.7,1.38,0.28,0.0,0.0,0.0,1.0,1.0,0.021,0.0,3.0,3.0,0.7,12.34,7.5
2018,Lankayan,North Borneo,15.0,37.08,1.0,6.59,6.5028,117.9239,1.71,0.83,6.7,11.12523839796567,4.243483788938334,33.04195804195804,1.3986013986013985,4.1,9.6,0.18,0.13,0.07,0.07,10.93,3.1,1.85,0.2,0.0,0.0,1.0,1.0,0.0,0.016,0.0,3.0,2.0,-11.83,0.6,7.5
2019,Lankayan,North Borneo,15.0,43.67,1.0,-7.79,6.5028,117.9239,7.74,0.87,1.71,11.308361441505415,7.030001775252974,24.338718267353098,6.1423752884786085,3.23,13.2,0.27,0.1,0.12,0.05,32.32,1.75,2.0,0.0,0.0,0.0,1.0,1.0,0.0,0.008,0.0,1.0,2.0,6.59,7.31,7.5
2020,Lankayan,North Borneo,15.0,35.88,1.0,10.67,6.5028,117.9239,7.87,1.03,7.74,7.671916419772337,9.418368938094495,36.8314361453298,2.993918602837985,3.43,3.87,0.37,0.08,0.25,0.03,25.9,1.98,2.33,0.0,0.0,0.0,0.0,1.0,0.0,0.014,0.0,1.0,3.0,-7.79,4.28,7.5
2021,Lankayan,North Borneo,6.0,46.55,1.0,-7.4,6.5028,117.9239,2.18,0.98,7.87,5.763473053892216,7.16691616766467,24.550898203592812,11.302395209580839,3.77,4.35,0.4,0.22,0.02,0.02,10.88,0.92,2.62,0.0,0.0,1.0,1.0,1.0,0.0,0.037,0.0,2.0,3.0,10.67,10.13,4.285714285714286
2022,Lankayan,North Borneo,15.0,39.15,1.0,15.77,6.5028,117.9239,0.92,0.88,2.18,5.308134757600658,3.253903040262942,20.723089564502878,17.288414133114216,4.38,40.13,0.25,0.46,0.08,0.0,4.08,1.5,0.17,0.08,0.0,0.0,0.0,1.0,0.0,0.061,0.0,3.0,3.0,-7.4,-0.35,4.285714285714286
2023,Lankayan,North Borneo,15.0,54.92,1.0,-7.34,6.5028,117.9239,8.7,1.09,0.92,4.81259702816589,13.395431359503215,31.89177201153249,12.197826569084052,2.88,7.27,0.33,0.13,0.03,0.0,4.13,2.15,2.88,0.0,0.0,1.0,1.0,1.0,0.0,0.08,0.0,3.0,3.0,15.77,11.61,7.5
2024,Lankayan,North Borneo,12.0,47.58,1.0,1.95,6.5028,117.9239,11.4,1.23,8.7,2.9378099961846624,7.630675314765356,32.27775658145746,22.739412438000763,2.88,24.0,0.38,0.07,0.02,0.0,2.13,1.45,2.58,0.0,0.0,0.0,1.0,1.0,0.0,0.178,0.0,3.0,3.0,-7.34,9.45,6.666666666666667
2025,Lankayan,North Borneo,15.0,49.53,1.0,1.51,6.5028,117.9239,4.04,1.01,11.4,3.407965127798692,6.399841489994055,29.72062611452348,19.19952446998217,3.69,6.58,0.52,0.15,0.02,0.02,0.88,0.71,0.58,0.06,0.0,1.0,1.0,1.0,1.0,0.591,0.0,2.0,3.0,1.95,9.97,6.666666666666667
2022,Larapan,North Borneo,5.0,67.08,1.0,-11.45,4.5167,118.5833,0.92,0.88,2.18,4.102096627164995,11.394712853236097,42.72257672439987,7.262230325129139,2.13,3.0,0.71,0.04,0.04,0.0,0.08,0.0,0.0,0.0,1.0,1.0,1.0,1.0,0.0,8.875,0.0,3.0,3.0,,27.58,2.727272727272727
2023,Larapan,North Borneo,5.0,55.63,1.0,0.75,4.5167,118.5833,8.7,1.09,0.92,1.1266336187471833,4.506534474988733,12.122577737719691,4.506534474988733,6.6,1.0,2.55,0.0,0.0,0.0,10.35,0.0,0.05,0.0,1.0,1.0,1.0,1.0,0.0,0.246,0.0,3.0,3.0,-11.45,12.32,2.5
2024,Larapan,North Borneo,5.0,56.38,1.0,2.12,4.5167,118.5833,11.4,1.23,8.7,2.2914757103574703,12.328139321723189,15.192483959670028,13.748854262144821,2.9,1.5,4.25,0.05,0.05,0.05,0.15,0.0,0.05,0.1,1.0,1.0,1.0,1.0,1.0,28.333,0.0,2.0,2.0,0.75,18.25,2.5
2025,Larapan,North Borneo,5.0,58.5,1.0,-7.62,4.5167,118.5833,4.04,1.01,11.4,4.215851602023609,11.75620332450012,15.972054926523729,25.29510961214165,4.7,4.85,4.45,0.1,0.55,0.0,0.35,0.0,0.15,0.1,1.0,1.0,1.0,1.0,1.0,12.714,0.0,2.0,2.0,2.12,18.94,2.5
2022,Lima,Sunda Shelf,2.0,49.38,1.0,2.5,2.2167,104.1667,0.33,0.77,0.16,37.03337941931661,22.220027651589966,18.526565277503458,9.875567845151096,8.25,35.38,2.25,1.5,0.13,0.0,244.88,0.63,0.13,0.0,1.0,0.0,1.0,1.0,0.0,0.009,0.0,3.0,3.0,,-1.11,1.0
2023,Lima,Sunda Shelf,3.0,51.88,1.0,11.04,2.2167,104.1667,1.2,0.81,0.33,42.851205320033245,9.102244389027431,10.390689941812136,12.988362427265168,4.5,24.25,1.13,3.25,0.38,0.13,266.25,3.13,0.38,0.0,0.0,1.0,0.0,0.0,0.0,0.004,0.0,3.0,3.0,2.5,-1.46,1.2000000000000002
2024,Lima,Sunda Shelf,,62.92,1.0,-0.64,2.2167,104.1667,9.44,1.19,1.2,7.306551631167429,14.613103262334858,17.983283904017252,15.718522512806684,6.67,14.5,0.92,1.42,0.0,0.08,214.25,0.0,0.08,0.0,0.0,1.0,1.0,1.0,0.0,0.004,0.0,3.0,3.0,11.04,9.65,1.3636363636363635
2025,Lima,Sunda Shelf,3.0,62.28,1.0,-10.4,2.2167,104.1667,1.88,0.73,9.44,5.275715800636267,15.774125132555675,10.524920466595972,25.477200424178154,10.83,18.58,1.75,2.67,0.08,0.0,249.42,0.25,0.0,0.0,1.0,1.0,1.0,0.0,0.0,0.007,0.0,3.0,3.0,-0.64,12.07,1.3636363636363635
2016,Mabul,North Borneo,6.0,20.13,1.0,7.48,4.2464,118.6294,10.52,0.97,3.68,7.984981226533165,33.32916145181476,15.807259073842303,5.957446808510638,6.4,4.0,3.15,0.4,0.1,0.4,50.9,0.0,0.7,0.0,0.0,1.0,1.0,1.0,0.0,0.062,0.0,2.0,1.0,,-20.19,2.727272727272727
2017,Mabul,North Borneo,6.0,27.61,1.0,2.8,4.2464,118.6294,6.7,0.96,10.52,10.940737670949026,27.199889487498275,21.439425334991018,8.91007045171985,10.6,6.5,2.71,0.96,0.71,0.83,82.8,0.0,0.75,0.0,1.0,1.0,1.0,0.0,0.0,0.033,0.0,3.0,1.0,7.48,-8.96,3.0
2018,Mabul,North Borneo,5.0,30.41,1.0,4.1,4.2464,118.6294,1.71,0.83,6.7,8.693777841643914,24.09828998419313,25.305359965512288,11.97011064808162,11.58,42.33,2.58,0.75,1.46,0.63,58.29,0.0,0.54,0.04,1.0,1.0,1.0,0.0,0.0,0.044,0.0,1.0,1.0,2.8,-6.07,2.727272727272727
2019,Mabul,North Borneo,6.0,34.51,1.0,-6.8,4.2464,118.6294,7.74,0.87,1.71,6.119334655882802,21.1811384098886,26.339081336792308,0.3815046543567831,6.45,3.3,1.15,0.75,0.45,0.6,57.6,0.05,0.45,0.0,1.0,1.0,1.0,0.0,0.0,0.02,0.0,2.0,2.0,4.1,-1.85,2.727272727272727
2020,Mabul,North Borneo,3.0,27.71,1.0,-5.84,4.2464,118.6294,7.87,1.03,7.74,7.053941908713693,38.32641770401107,26.51452282157677,4.0387275242047025,6.75,109.13,1.42,0.46,0.33,0.42,150.1,0.04,1.0,0.0,1.0,1.0,1.0,1.0,1.0,0.009,0.0,3.0,0.0,-6.8,-3.89,2.0
2021,Mabul,North Borneo,6.0,21.87,1.0,5.93,4.2464,118.6294,2.18,0.98,7.87,2.6622296173044924,15.998976065531803,39.21669013183156,4.530910021758607,7.58,0.17,0.92,0.08,0.08,0.83,129.6,0.0,0.75,0.0,1.0,1.0,1.0,1.0,0.0,0.007,0.0,3.0,1.0,-5.84,-14.55,2.0
2022,Mabul,North Borneo,6.0,27.8,1.0,5.43,4.2464,118.6294,0.92,0.88,2.18,4.473684210526316,15.734072022160664,29.293628808864263,8.504155124653739,6.13,11.63,0.71,0.04,0.54,0.21,53.88,0.0,0.04,0.0,1.0,1.0,1.0,1.0,0.0,0.013,0.0,1.0,2.0,5.93,-11.7,3.0
2023,Mabul,North Borneo,,33.23,1.0,-10.22,4.2464,118.6294,8.7,1.09,0.92,3.2794249775381847,25.112309074573226,20.589997005091345,8.430667864630129,5.46,15.21,0.96,1.04,0.79,0.04,43.92,0.0,0.67,0.0,1.0,1.0,1.0,1.0,0.0,0.022,0.0,2.0,2.0,5.43,-10.08,3.0
2024,Mabul,North Borneo,3.0,23.01,1.0,-0.72,4.2464,118.6294,11.4,1.23,8.7,4.468112741914534,19.353162748408884,25.444862969216782,17.041174178464733,2.92,24.21,0.83,0.58,0.71,0.13,26.88,0.17,0.08,0.0,1.0,1.0,1.0,1.0,0.0,0.031,0.0,1.0,2.0,-10.22,-15.12,2.0
2025,Mabul,North Borneo,6.0,22.29,1.0,4.27,4.2464,118.6294,4.04,1.01,11.4,2.4192510616394283,26.676103461587953,9.651267533136018,2.0074636468922917,6.63,16.96,1.33,0.0,0.38,0.21,38.17,0.42,0.29,0.04,1.0,1.0,1.0,1.0,1.0,0.035,0.0,3.0,2.0,-0.72,-17.27,2.0
2022,Malacca,Malacca Strait,5.0,35.61,1.0,-5.49,2.05,102.3333,0.15,0.78,1.56,7.28373971113527,12.62618419009163,19.661438111507998,20.872806336387637,3.69,2.31,0.25,0.19,0.0,0.0,0.0,0.0,0.0,0.0,0.0,0.0,1.0,0.0,0.0,,0.0,3.0,3.0,,-7.0,2.2222222222222223
2023,Malacca,Malacca Strait,,30.12,1.0,4.49,2.05,102.3333,3.26,0.97,0.15,0.7154099298898269,7.340105880669623,45.800543711546716,10.015739018457575,4.6,2.15,0.0,0.15,0.0,0.0,0.0,0.0,0.0,0.0,0.0,1.0,1.0,0.0,0.0,,0.0,3.0,3.0,-5.49,-7.35,2.3684210526315788
2024,Malacca,Malacca Strait,,34.61,1.0,-1.45,2.05,102.3333,13.64,1.29,3.26,3.2420859458632822,0.5811286129377581,51.62868940204925,14.727022480501606,7.7,0.75,0.1,0.15,0.0,0.0,0.0,0.0,0.0,0.0,0.0,1.0,1.0,1.0,0.0,,0.0,3.0,3.0,4.49,-7.29,2.25
2025,Malacca,Malacca Strait,,33.16,1.0,-1.04,2.05,102.3333,1.94,0.96,13.64,2.812687013764213,0.9425493716337522,43.40215439856374,14.242968282465588,5.15,2.0,0.1,0.45,0.0,0.0,0.0,0.0,0.0,0.0,0.0,0.0,0.0,1.0,0.0,,0.0,3.0,3.0,-1.45,-3.2,2.25
2014,Mantanani,North Borneo,11.0,40.63,1.0,2.67,6.7167,116.35,5.17,0.68,1.88,2.7519837919972985,10.231301705216952,53.908492318082054,1.7052169508694919,0.67,0.15,1.0,0.02,0.06,0.02,24.5,0.17,0.27,0.02,1.0,0.0,1.0,0.0,0.0,0.041,0.0,3.0,2.0,,-2.09,5.739130434782608
2015,Mantanani,North Borneo,11.0,43.3,1.0,-1.42,6.7167,116.35,3.68,0.65,5.17,,,,,0.95,0.36,1.52,0.16,0.07,0.05,27.02,0.02,0.43,0.02,1.0,1.0,1.0,0.0,1.0,0.056,0.0,3.0,2.0,2.67,0.01,5.5
2016,Mantanani,North Borneo,11.0,41.88,1.0,-9.84,6.7167,116.35,10.52,0.97,3.68,6.348933241569167,9.87611837577426,9.377150722642808,10.357880247763248,1.66,0.86,2.77,0.14,0.34,0.07,49.41,0.05,0.27,0.05,1.0,1.0,1.0,1.0,0.0,0.056,0.0,3.0,2.0,-1.42,1.56,5.5
2017,Mantanani,North Borneo,12.0,32.04,1.0,8.17,6.7167,116.35,6.7,0.96,10.52,3.0164802825191286,11.124190700412008,28.502060035314898,10.285462036492056,1.2,0.82,1.43,0.18,0.23,0.05,43.4,0.16,0.16,0.0,1.0,1.0,1.0,1.0,1.0,0.033,0.0,3.0,2.0,-9.84,-4.53,5.739130434782608
2018,Mantanani,North Borneo,12.0,40.21,1.0,-9.38,6.7167,116.35,1.71,0.83,6.7,2.6258571667502926,8.52985449071751,30.490048503094158,2.1742766348887774,1.33,0.4,5.77,0.27,0.1,0.17,42.02,0.0,0.17,0.0,1.0,1.0,1.0,1.0,0.0,0.137,0.0,2.0,2.0,8.17,3.73,6.0
2019,Mantanani,North Borneo,12.0,30.83,1.0,8.07,6.7167,116.35,7.74,0.87,1.71,2.9356471438900944,6.926970354302242,29.13955169920463,0.6652205350686914,1.27,1.4,3.46,0.04,0.04,0.02,59.7,0.0,0.38,0.0,1.0,1.0,1.0,1.0,0.0,0.058,0.0,2.0,3.0,-9.38,-5.53,6.0
2020,Mantanani,North Borneo,12.0,38.9,1.0,-4.47,6.7167,116.35,7.87,1.03,7.74,,,,,1.9,0.38,2.6,0.1,0.21,0.02,40.25,0.08,0.54,0.04,1.0,1.0,1.0,1.0,0.0,0.065,0.0,3.0,3.0,8.07,7.3,6.0
2021,Mantanani,North Borneo,12.0,34.43,1.0,3.38,6.7167,116.35,2.18,0.98,7.87,1.3571210734980177,15.88899054589814,32.9673681000305,4.132357426044526,1.13,0.27,1.52,0.0,0.0,0.02,32.9,0.0,0.31,0.06,0.0,1.0,1.0,1.0,0.0,0.046,0.0,3.0,2.0,-4.47,-1.99,6.0
2022,Mantanani,North Borneo,12.0,37.81,1.0,14.12,6.7167,116.35,0.92,0.88,2.18,1.5918958031837915,9.7121723749799,35.664897893552016,3.939540118990191,1.52,0.52,0.67,0.04,0.17,0.02,37.83,0.02,0.52,0.0,1.0,1.0,1.0,1.0,0.0,0.018,0.0,2.0,2.0,3.38,-1.69,6.0
2023,Mantanani,North Borneo,,51.93,1.0,-20.99,6.7167,116.35,8.7,1.09,0.92,1.4146037029332224,7.801123361764094,25.130018722696068,4.659871021427086,1.96,0.42,1.83,0.08,0.15,0.04,20.94,0.02,0.42,0.02,0.0,1.0,1.0,1.0,1.0,0.087,0.0,2.0,3.0,14.12,8.62,6.0
2024,Mantanani,North Borneo,,30.94,1.0,1.9,6.7167,116.35,11.4,1.23,8.7,0.2316490516866947,8.97640075285942,52.01969016939337,3.1706963949616336,2.9,1.58,6.54,0.21,0.17,0.06,7.67,0.13,0.38,0.0,1.0,1.0,1.0,1.0,0.0,0.853,0.0,3.0,3.0,-20.99,-7.19,6.0
2025,Mantanani,North Borneo,,32.84,1.0,-10.29,6.7167,116.35,4.04,1.01,11.4,0.8636092912447886,10.363311494937463,39.11554496724241,5.926146515783205,2.19,0.5,9.15,0.23,0.23,0.02,6.75,0.0,0.25,0.0,1.0,1.0,1.0,1.0,0.0,1.356,0.0,2.0,2.0,1.9,-6.72,6.0
2015,Mataking,North Borneo,6.0,36.29,2.0,-2.65,4.58,118.95,3.68,0.65,5.17,4.591916968076741,29.0926246265136,39.80185563767888,2.138701053624784,6.17,0.33,3.38,0.25,0.54,0.25,8.0,0.0,2.63,0.08,1.0,0.0,0.0,0.0,1.0,0.422,0.0,2.0,1.0,,-6.43,3.0
2016,Mataking,North Borneo,6.0,33.64,1.0,1.88,4.58,118.95,10.52,0.97,3.68,4.235116804822909,26.224566691785984,45.53127354935946,3.9186134137151476,7.04,0.71,3.17,0.38,0.5,0.17,11.0,0.0,3.71,0.04,0.0,0.0,0.0,0.0,0.0,0.288,0.0,2.0,2.0,-2.65,-6.68,3.0
2017,Mataking,North Borneo,6.0,35.52,1.0,-8.23,4.58,118.95,6.7,0.96,10.52,6.946813459451079,36.67235230268259,35.21476197860134,3.7215072104202203,8.67,0.13,5.17,0.42,0.17,0.13,3.96,0.17,2.42,0.04,0.0,0.0,1.0,0.0,0.0,1.306,0.0,3.0,1.0,1.88,-1.05,3.0
2018,Mataking,North Borneo,6.0,27.29,1.0,-4.26,4.58,118.95,1.71,0.83,6.7,5.3080308030803085,22.77227722772277,45.55830583058306,3.3003300330033,2.83,4.96,6.42,0.46,0.17,0.0,3.63,0.04,0.67,0.04,1.0,1.0,1.0,0.0,0.0,1.769,0.0,1.0,1.0,-8.23,-9.19,3.0
2019,Mataking,North Borneo,6.0,23.03,1.0,10.2,4.58,118.95,7.74,0.87,1.71,8.79449207586386,40.72486360093531,18.407378539880487,5.546895297479864,3.33,0.04,2.63,0.13,0.33,0.71,5.58,0.29,0.33,0.0,1.0,1.0,0.0,0.0,0.0,0.471,0.0,2.0,1.0,-4.26,-13.33,3.0
2021,Mataking,North Borneo,6.0,33.23,2.0,-11.86,4.58,118.95,2.18,0.98,7.87,5.930807248764416,30.103339823273927,40.407368578703014,2.0218661075333233,3.79,0.38,2.04,0.13,0.25,0.0,4.17,0.04,0.42,0.08,1.0,0.0,1.0,0.0,0.0,0.489,0.0,3.0,2.0,10.2,1.63,3.0
2022,Mataking,North Borneo,6.0,21.37,1.0,14.67,4.58,118.95,0.92,0.88,2.18,1.3226503878926619,35.74971384967569,30.86608164822587,3.4465216838356865,7.46,0.63,3.21,0.17,0.0,0.0,2.21,0.04,0.33,0.0,0.0,1.0,1.0,1.0,0.0,1.452,0.0,2.0,2.0,-11.86,-18.13,3.0
2023,Mataking,North Borneo,,36.04,1.0,0.54,4.58,118.95,8.7,1.09,0.92,1.1413383364602874,38.273921200750465,28.502188868042523,4.3933708567854906,4.92,1.42,2.46,0.21,0.0,0.0,4.25,0.0,0.42,0.0,1.0,1.0,1.0,1.0,0.0,0.579,0.0,2.0,3.0,14.67,-7.27,3.0
2024,Mataking,North Borneo,,36.58,1.0,-9.69,4.58,118.95,11.4,1.23,8.7,1.308941807285917,22.157388424538716,47.137675445513324,8.374073489985806,5.58,0.75,2.25,0.71,0.04,0.0,0.75,0.0,0.46,0.0,1.0,1.0,1.0,0.0,0.0,3.0,0.0,0.0,1.0,0.54,-1.55,3.0
2025,Mataking,North Borneo,6.0,26.89,1.0,1.86,4.58,118.95,4.04,1.01,11.4,2.1337710299548633,34.31815073177405,30.35152509916565,5.416495691423883,6.21,0.92,3.75,0.5,0.04,0.04,4.04,0.0,0.58,0.0,1.0,1.0,1.0,1.0,0.0,0.928,0.0,1.0,1.0,-9.69,-12.67,3.0
2023,Mensirip,Sunda Shelf,,69.2,1.0,-1.08,2.45,103.95,1.2,0.81,0.33,13.05194805194805,10.422077922077921,11.883116883116882,17.11038961038961,9.32,11.36,3.07,1.64,0.25,0.0,103.68,0.07,0.0,0.0,1.0,1.0,1.0,1.0,0.0,0.03,0.0,3.0,3.0,,15.86,3.3703703703703702
2024,Mensirip,Sunda Shelf,,68.12,1.0,-9.29,2.45,103.95,9.44,1.19,1.2,3.35633626097867,9.786700125470514,14.55457967377666,12.892095357590966,8.54,9.64,2.14,0.89,0.68,0.11,148.89,0.0,0.14,0.04,1.0,1.0,1.0,1.0,1.0,0.014,0.0,3.0,3.0,-1.08,14.85,3.25
2025,Mensirip,Sunda Shelf,6.0,58.83,1.0,-4.66,2.45,103.95,1.88,0.73,9.44,3.4725594949004366,10.636231180184556,16.925692083535697,9.106362311801846,12.18,2.07,1.54,0.96,0.14,0.0,128.57,0.0,0.11,0.0,0.0,1.0,1.0,1.0,0.0,0.012,0.0,3.0,3.0,-9.29,8.62,3.12
2023,Mertang,Sunda Shelf,,76.04,1.0,-7.5,2.46,103.98,1.2,0.81,0.33,0.8760951188986232,20.85940759282436,22.61159783062161,13.057989153108048,14.17,2.33,2.83,1.25,0.17,0.0,90.33,2.58,0.08,0.08,1.0,1.0,1.0,0.0,0.0,0.031,0.0,3.0,3.0,,22.7,2.0
2024,Mertang,Sunda Shelf,6.0,68.54,1.0,1.04,2.46,103.98,9.44,1.19,1.2,5.306641245630759,8.293612964728313,35.430568795678425,15.220845249443915,10.83,3.96,0.5,1.38,0.04,0.0,103.42,0.58,0.0,0.04,1.0,1.0,0.0,1.0,1.0,0.005,0.0,2.0,3.0,-7.5,15.27,3.0
2025,Mertang,Sunda Shelf,6.0,69.58,1.0,-11.25,2.46,103.98,1.88,0.73,9.44,5.128205128205128,8.21827744904668,7.1992110453648905,28.43523997370151,8.58,2.58,0.29,0.71,0.0,0.0,148.29,0.04,0.0,0.04,1.0,1.0,1.0,1.0,1.0,0.002,0.0,3.0,3.0,1.04,19.37,3.0
2014,Miri,Sunda Shelf,6.0,53.1,1.0,-1.02,4.3833,113.9667,1.24,0.47,1.85,12.54801536491677,9.069568928723857,1.600512163892445,2.9449423815620994,1.7,0.0,0.05,1.7,0.0,0.35,0.0,0.0,0.1,0.0,1.0,1.0,0.0,0.0,0.0,,0.0,2.0,3.0,,-3.55,3.0
2015,Miri,Sunda Shelf,6.0,52.08,1.0,-6.35,4.3833,113.9667,1.19,0.49,1.24,4.36143572621035,23.91485809682805,7.825542570951585,19.115191986644405,3.38,13.63,0.96,0.46,0.33,0.04,0.0,0.0,0.04,0.0,0.0,1.0,1.0,1.0,0.0,,0.0,2.0,2.0,-1.02,-4.3,3.0
2016,Miri,Sunda Shelf,6.0,45.73,1.0,-2.08,4.3833,113.9667,1.79,0.76,1.19,7.094158835452367,20.54542104293348,4.606596646397641,7.683803206191266,3.96,20.54,0.96,0.58,0.04,0.08,0.04,0.0,0.08,0.0,1.0,0.0,1.0,1.0,0.0,24.0,0.0,2.0,2.0,-6.35,-12.43,3.0
2017,Miri,Sunda Shelf,6.0,43.65,1.0,11.25,4.3833,113.9667,1.97,0.97,1.79,8.321504613200853,27.90986515259049,5.180979418026969,9.421575585521646,2.25,49.6,0.54,0.38,0.25,0.04,0.04,0.0,0.04,0.0,0.0,0.0,0.0,1.0,0.0,13.5,0.0,2.0,3.0,-2.08,-11.94,3.0
2018,Miri,Sunda Shelf,6.0,54.9,1.0,-7.92,4.3833,113.9667,1.27,0.82,1.97,11.768617021276595,23.559397163120572,3.4796099290780145,7.158687943262413,3.08,7.17,1.96,0.25,0.0,0.0,0.04,0.0,0.17,0.42,1.0,1.0,1.0,1.0,1.0,49.0,1.0,2.0,3.0,11.25,0.69,3.0
2019,Miri,Sunda Shelf,6.0,46.98,1.0,3.95,4.3833,113.9667,0.0,0.86,1.27,7.280271595624294,18.068653338362882,1.9615239532251982,16.107129385137682,2.04,16.17,0.67,0.71,0.04,0.08,0.04,0.0,0.08,0.0,1.0,1.0,1.0,1.0,0.0,16.75,0.0,2.0,2.0,-7.92,-4.55,3.0
2022,Miri,Sunda Shelf,4.0,50.93,3.0,-2.34,4.3833,113.9667,0.59,0.78,0.97,5.727680391357521,16.57154504688137,1.059926620464737,23.991031390134527,2.75,17.4,0.75,0.42,0.08,0.0,0.38,0.0,0.08,0.04,1.0,1.0,0.0,1.0,0.0,1.974,0.0,2.0,2.0,3.95,1.72,2.4000000000000004
2023,Miri,Sunda Shelf,4.0,48.59,1.0,-3.43,4.3833,113.9667,2.62,1.07,0.59,12.46839136354795,9.122738766776893,16.708811515269403,7.294300719704339,1.56,15.06,0.06,0.25,0.0,0.06,0.0,0.06,0.19,0.0,1.0,1.0,1.0,1.0,0.0,,0.0,3.0,2.0,-2.34,-4.75,2.0
2015,Pangkor Laut,Malacca Strait,1.0,55.63,1.0,13.12,4.1972,100.5472,0.63,0.68,1.2,18.314935796350532,0.0,18.314935796350532,39.42329353457986,2.25,3.5,0.0,0.0,0.0,0.0,59.25,0.0,0.0,0.0,1.0,0.0,0.0,0.0,0.0,0.0,0.0,3.0,3.0,,,0.5
2016,Pangkor Laut,Malacca Strait,1.0,68.75,1.0,20.0,4.1972,100.5472,11.34,1.08,0.63,16.016624040920714,2.0140664961636827,24.008951406649615,15.9846547314578,2.0,0.0,0.0,0.0,0.0,0.0,36.75,0.0,0.0,0.0,0.0,0.0,0.0,0.0,0.0,0.0,0.0,3.0,3.0,13.12,32.12,0.5
2017,Pangkor Laut,Malacca Strait,1.0,88.75,1.0,-22.5,4.1972,100.5472,0.15,0.8,11.34,5.595026642984013,0.0,5.595026642984013,0.0,12.25,0.0,0.0,0.0,0.0,0.0,36.5,0.0,0.0,0.0,0.0,0.0,0.0,0.0,0.0,0.0,0.0,3.0,3.0,20.0,50.1,0.5
2018,Pangkor Laut,Malacca Strait,1.0,66.25,1.0,-37.5,4.1972,100.5472,0.32,0.74,0.15,3.7026066350710902,9.27132701421801,57.405213270142184,0.0,10.5,0.25,0.0,0.75,0.0,0.0,33.25,0.0,0.0,0.0,0.0,1.0,0.0,0.0,0.0,0.0,0.0,3.0,3.0,-22.5,30.58,0.5
2019,Pangkor Laut,Malacca Strait,1.0,28.75,1.0,25.0,4.1972,100.5472,3.45,0.97,0.32,,,,,2.5,0.0,0.0,0.25,0.0,0.0,94.25,0.0,0.0,0.0,0.0,1.0,0.0,0.0,0.0,0.0,0.0,3.0,3.0,-37.5,-6.25,0.5
2020,Pangkor Laut,Malacca Strait,1.0,53.75,1.0,6.87,4.1972,100.5472,3.42,0.82,3.45,12.170341547773454,10.8084738434933,16.212710765239947,10.8084738434933,17.25,0.0,0.0,7.75,0.0,0.0,73.5,0.0,0.0,0.0,0.0,1.0,1.0,0.0,0.0,0.0,0.0,3.0,3.0,25.0,17.08,0.5
2022,Pangkor Laut,Malacca Strait,1.0,60.62,2.0,0.64,4.1972,100.5472,0.15,0.78,1.56,1.5993907083015995,1.5993907083015995,63.467885250063475,6.346788525006347,8.25,0.0,0.0,3.75,0.0,0.0,21.75,0.0,0.0,0.0,0.0,1.0,0.0,0.0,0.0,0.0,0.0,3.0,3.0,6.87,19.41,0.5
2023,Pangkor Laut,Malacca Strait,,61.26,1.0,-7.51,4.1972,100.5472,3.26,0.97,0.15,0.0,0.0,75.81311306143522,3.226639132679401,4.75,0.5,0.0,0.25,0.0,0.0,35.75,0.0,0.0,0.0,0.0,1.0,1.0,0.0,0.0,0.0,0.0,3.0,3.0,0.64,23.79,0.5
2024,Pangkor Laut,Malacca Strait,,53.75,1.0,-1.86,4.1972,100.5472,13.64,1.29,3.26,0.0,9.46617678841582,66.19840069159282,4.063107845256106,11.5,3.0,0.0,1.25,0.0,0.0,41.5,0.0,0.0,0.0,0.0,1.0,1.0,0.0,0.0,0.0,0.0,3.0,3.0,-7.51,11.85,0.5
2016,Payar,Malacca Strait,3.0,40.42,1.0,3.96,6.0639,100.0417,11.34,1.08,0.63,10.137630077207117,39.86236992279289,8.392077878482713,10.49009734810339,2.25,4.25,4.33,1.25,0.0,0.0,29.08,0.0,0.17,0.0,0.0,0.0,0.0,1.0,0.0,0.149,0.0,3.0,3.0,,3.79,1.5
2017,Payar,Malacca Strait,5.0,44.38,1.0,7.0,6.0639,100.0417,0.15,0.8,11.34,7.479323984178353,45.325422509888526,3.002517080186983,0.0,10.92,17.08,47.0,16.83,1.5,0.0,48.33,0.58,1.92,0.0,0.0,0.0,0.0,1.0,0.0,0.972,0.0,3.0,3.0,3.96,5.73,1.875
2018,Payar,Malacca Strait,5.0,51.38,1.0,2.0,6.0639,100.0417,0.32,0.74,0.15,21.34046052631579,30.838815789473685,4.625822368421052,1.8092105263157896,10.92,17.08,47.0,16.83,1.5,0.0,54.3,0.3,0.45,0.0,0.0,1.0,1.0,1.0,0.0,0.866,0.0,3.0,2.0,7.0,15.71,2.5
2019,Payar,Malacca Strait,5.0,53.38,1.0,-2.5,6.0639,100.0417,3.45,0.97,0.32,12.068595927116828,30.010718113612008,12.347266881028938,0.2786709539121115,8.65,14.1,5.1,0.75,0.8,0.0,20.35,0.0,0.25,0.0,0.0,1.0,1.0,0.0,0.0,0.251,0.0,3.0,3.0,2.0,18.38,2.5
2020,Payar,Malacca Strait,5.0,50.88,1.0,9.6,6.0639,100.0417,3.42,0.82,3.45,17.053317053317055,27.98127798127798,10.683760683760683,3.825803825803826,3.9,7.5,3.85,3.15,0.15,0.05,28.4,0.6,0.2,0.0,0.0,1.0,0.0,0.0,0.0,0.136,0.0,3.0,3.0,-2.5,14.21,2.5
2021,Payar,Malacca Strait,5.0,60.48,1.0,-15.6,6.0639,100.0417,1.56,0.89,3.42,7.285605868960282,45.88919807740955,11.712623324057676,0.6324310650139133,7.05,29.0,5.5,3.75,0.1,0.0,29.55,0.25,0.1,0.0,0.0,0.0,0.0,0.0,0.0,0.186,0.0,3.0,3.0,9.6,19.27,2.5
2022,Payar,Malacca Strait,5.0,44.88,1.0,12.25,6.0639,100.0417,0.15,0.78,1.56,8.398331217123165,42.17304552875023,0.0,0.0,8.9,56.75,8.7,3.75,0.55,0.0,15.95,3.05,0.1,0.0,0.0,0.0,0.0,0.0,0.0,0.545,0.0,3.0,3.0,-15.6,2.27,2.5
2023,Payar,Malacca Strait,,57.13,1.0,6.87,6.0639,100.0417,3.26,0.97,0.15,17.20680811377943,34.973187223128924,16.041035206341803,3.497318722312893,10.15,115.35,8.4,0.45,1.2,0.0,18.65,2.0,0.05,0.0,0.0,0.0,0.0,0.0,0.0,0.45,0.0,3.0,2.0,12.25,19.66,2.5
2024,Payar,Malacca Strait,5.0,64.0,1.0,-14.87,6.0639,100.0417,13.64,1.29,3.26,16.666666666666664,26.02777777777778,13.555555555555554,1.3888888888888888,7.15,87.75,7.3,1.0,0.6,0.05,17.05,0.55,0.0,0.0,0.0,0.0,0.0,1.0,0.0,0.428,0.0,3.0,3.0,6.87,22.1,2.5
2025,Payar,Malacca Strait,6.0,49.13,1.0,-6.84,6.0639,100.0417,1.94,0.96,13.64,6.6430817610062896,19.654088050314467,10.318396226415096,7.370283018867925,6.0,13.2,5.05,2.15,1.05,0.0,10.8,0.0,0.05,0.0,0.0,0.0,0.0,1.0,0.0,0.468,0.0,3.0,3.0,-14.87,12.77,2.727272727272727
2014,Pemanggil,Sunda Shelf,4.0,48.78,1.0,5.29,2.5833,104.3167,1.47,0.52,1.32,2.2522522522522523,18.566392479435958,9.381120250685468,16.72542107324716,3.96,0.25,7.74,1.29,0.46,0.09,2.17,6.96,1.38,0.58,0.0,1.0,0.0,0.0,0.0,3.567,1.0,2.0,2.0,,-7.87,2.0
2015,Pemanggil,Sunda Shelf,4.0,54.07,1.0,1.4,2.5833,104.3167,0.0,0.52,1.47,10.206746463547333,20.413492927094666,12.578890097932534,19.39064200217628,2.94,0.06,0.75,0.06,0.0,0.0,1.5,9.69,0.19,0.44,1.0,0.0,0.0,0.0,0.0,0.5,1.0,3.0,3.0,5.29,-2.31,2.0
2016,Pemanggil,Sunda Shelf,4.0,55.47,1.0,-7.03,2.5833,104.3167,7.25,1.06,0.0,2.8070963395463733,3.86256456321581,32.62968785088704,12.98001347406243,2.69,0.31,5.0,0.0,0.19,0.0,2.56,3.06,0.0,0.38,0.0,0.0,0.0,0.0,0.0,1.953,1.0,3.0,3.0,1.4,-2.69,2.0
2017,Pemanggil,Sunda Shelf,4.0,48.44,1.0,2.96,2.5833,104.3167,0.0,0.77,7.25,0.6011246848943185,3.645530347101028,36.35834787667249,13.030831878999418,5.69,0.5,1.5,0.31,0.0,0.0,15.5,9.44,0.19,0.88,0.0,1.0,0.0,0.0,0.0,0.097,1.0,1.0,3.0,-7.03,-7.15,2.0
2018,Pemanggil,Sunda Shelf,4.0,51.4,1.0,4.39,2.5833,104.3167,0.15,0.61,0.0,1.9341563786008233,5.144032921810701,50.802469135802475,10.617283950617287,1.25,0.31,1.31,0.5,0.06,0.0,8.81,2.38,0.13,0.0,1.0,1.0,1.0,0.0,0.0,0.149,0.0,3.0,3.0,2.96,-2.94,2.0
2019,Pemanggil,Sunda Shelf,4.0,55.79,1.0,-3.76,2.5833,104.3167,0.3,0.85,0.15,5.314337403889643,3.8896426956128454,48.05517865219358,16.598824061510626,4.06,4.19,3.81,0.63,0.0,0.13,3.56,5.94,0.19,0.13,0.0,1.0,1.0,0.0,0.0,1.07,0.0,3.0,3.0,4.39,4.26,2.0
2020,Pemanggil,Sunda Shelf,4.0,52.03,1.0,-2.18,2.5833,104.3167,0.91,0.83,0.3,11.405337781484572,18.57798165137615,4.8790658882402,36.80150125104254,4.44,0.13,2.44,0.5,0.0,0.0,3.88,4.19,0.0,0.06,0.0,0.0,0.0,0.0,0.0,0.629,0.0,2.0,3.0,-3.76,2.82,2.0
2021,Pemanggil,Sunda Shelf,4.0,49.85,1.0,-5.94,2.5833,104.3167,0.16,0.73,0.91,4.985044865403788,9.351944167497507,8.713858424725823,29.591226321036885,1.81,0.0,9.13,1.0,0.0,0.31,1.69,8.81,0.0,0.06,0.0,0.0,1.0,1.0,0.0,5.402,0.0,3.0,3.0,-2.18,2.57,2.0
2022,Pemanggil,Sunda Shelf,4.0,43.91,1.0,5.0,2.5833,104.3167,0.33,0.77,0.16,1.9429590017825313,18.948306595365423,18.66310160427808,27.84313725490196,1.81,0.25,1.44,0.38,0.13,0.13,1.0,20.06,0.06,0.69,1.0,0.0,1.0,1.0,1.0,1.44,1.0,2.0,3.0,-5.94,-7.03,2.0
2023,Pemanggil,Sunda Shelf,4.0,48.91,1.0,-2.66,2.5833,104.3167,1.2,0.81,0.33,0.9197651663405089,14.67710371819961,21.095890410958905,26.3013698630137,3.06,1.13,1.56,0.63,0.19,0.0,1.75,11.44,0.0,1.88,1.0,1.0,1.0,1.0,1.0,0.891,1.0,3.0,3.0,5.0,-4.43,2.0
2024,Pemanggil,Sunda Shelf,,46.25,1.0,1.25,2.5833,104.3167,9.44,1.19,1.2,0.8742559523809522,25.87425595238095,15.122767857142858,26.153273809523807,3.31,0.38,2.44,0.44,0.0,0.06,2.44,23.38,0.0,0.5,0.0,1.0,1.0,1.0,1.0,1.0,1.0,2.0,2.0,-2.66,-7.02,2.0
2025,Pemanggil,Sunda Shelf,4.0,47.5,1.0,-3.75,2.5833,104.3167,1.88,0.73,9.44,0.0,15.18095238095238,19.942857142857143,21.714285714285715,4.25,0.13,1.69,0.38,0.0,0.0,4.0,27.63,0.06,0.56,0.0,1.0,1.0,1.0,1.0,0.422,1.0,2.0,3.0,1.25,-2.71,2.0
2016,Penyu,North Borneo,9.0,41.46,1.0,-9.79,6.1667,118.0667,10.52,0.97,3.68,2.8527502562350526,43.8845234028015,20.874615647420566,7.12333447215579,1.94,2.44,1.72,0.36,0.19,0.03,1.86,0.08,0.11,0.0,0.0,0.0,0.0,0.0,0.0,0.925,0.0,3.0,3.0,,1.14,4.5
2017,Penyu,North Borneo,9.0,31.67,1.0,11.18,6.1667,118.0667,6.7,0.96,10.52,5.897848675545149,36.89448265769062,27.44036294453388,1.0098053563588467,1.56,0.47,4.0,0.08,0.61,0.03,14.0,0.11,0.72,0.03,0.0,0.0,0.0,0.0,0.0,0.286,0.0,3.0,3.0,-9.79,-4.9,4.5
2018,Penyu,North Borneo,9.0,42.85,1.0,2.91,6.1667,118.0667,1.71,0.83,6.7,3.398738612473721,33.46180798878767,26.40154169586545,4.747722494744218,4.0,2.69,1.33,0.89,0.78,0.03,4.64,0.19,0.17,0.0,0.0,1.0,0.0,0.0,0.0,0.287,0.0,2.0,2.0,11.18,6.37,4.5
2020,Penyu,North Borneo,9.0,45.76,2.0,-1.32,6.1667,118.0667,7.87,1.03,7.74,3.3191960169647796,48.92126129448645,29.83588419693896,2.175917388899133,2.19,1.97,2.36,0.19,0.14,0.0,0.42,0.0,0.0,0.0,0.0,0.0,0.0,0.0,0.0,5.619,0.0,3.0,2.0,2.91,9.4,4.5
2021,Penyu,North Borneo,7.0,44.44,1.0,2.25,6.1667,118.0667,2.18,0.98,7.87,4.12167026637869,25.25197984161267,20.37437005039597,8.495320374370051,1.36,0.0,1.53,0.08,0.03,0.0,1.69,0.0,0.14,0.0,0.0,0.0,1.0,0.0,0.0,0.905,0.0,3.0,3.0,-1.32,8.02,3.9375
2022,Penyu,North Borneo,9.0,46.69,1.0,-3.77,6.1667,118.0667,0.92,0.88,2.18,1.1632270168855536,20.938086303939965,22.120075046904315,4.859287054409005,2.14,0.0,1.57,0.68,0.21,0.04,0.54,0.0,0.18,0.0,0.0,0.0,0.0,0.0,0.0,2.907,0.0,2.0,3.0,2.25,7.19,3.9375
2023,Penyu,North Borneo,,42.92,1.0,-10.5,6.1667,118.0667,8.7,1.09,0.92,0.24518388791593695,37.82837127845884,24.938704028021014,5.481611208406304,1.42,2.19,2.06,0.36,0.11,0.0,1.67,0.0,0.22,0.92,0.0,0.0,0.0,0.0,1.0,1.234,1.0,3.0,3.0,-3.77,-0.39,4.5
2024,Penyu,North Borneo,,32.42,1.0,6.88,6.1667,118.0667,11.4,1.23,8.7,1.8496596626220778,55.60816809707014,16.883693400414323,13.184374075170169,4.69,3.59,2.25,0.09,0.28,0.0,0.84,0.0,0.09,0.0,0.0,1.0,1.0,1.0,0.0,2.679,0.0,3.0,2.0,-10.5,-5.71,4.5
2025,Penyu,North Borneo,,39.3,1.0,-1.53,6.1667,118.0667,4.04,1.01,11.4,2.9654036243822075,6.754530477759473,47.726523887973634,8.69851729818781,2.0,0.67,1.19,0.36,0.14,0.14,2.22,0.17,0.14,0.06,0.0,1.0,1.0,1.0,1.0,0.536,0.0,3.0,2.0,6.88,-0.26,4.5
2014,Perhentian,Sunda Shelf,10.0,56.63,1.0,-3.01,5.9,102.7333,1.47,0.52,1.32,3.1372549019607843,5.628604382929643,17.439446366782004,3.667820069204152,5.68,10.5,2.43,0.89,0.09,0.05,8.1,6.4,5.7,0.2,0.0,0.0,0.0,1.0,0.0,0.3,0.0,2.0,3.0,,-0.02,5.0
2015,Perhentian,Sunda Shelf,10.0,53.62,1.0,-3.5,5.9,102.7333,0.0,0.52,1.47,3.923259323129985,5.389092476826902,26.816124164690663,10.239275705971114,4.78,23.43,1.68,1.33,0.0,0.08,13.68,4.92,4.42,0.18,0.0,0.0,0.0,1.0,0.0,0.123,0.0,3.0,3.0,-3.01,-2.76,5.0
2016,Perhentian,Sunda Shelf,10.0,50.12,1.0,1.63,5.9,102.7333,7.25,1.06,0.0,4.0096230954290295,8.640737770649558,19.687249398556535,3.127506014434643,6.45,11.38,2.2,0.55,0.0,0.13,31.25,8.0,5.7,0.15,0.0,0.0,0.0,0.0,0.0,0.07,0.0,3.0,3.0,-3.5,-8.04,5.0
2017,Perhentian,Sunda Shelf,10.0,51.75,1.0,-9.43,5.9,102.7333,0.0,0.77,7.25,4.931620389556569,10.878574388727726,21.384169084127645,2.0721094073767095,6.15,3.3,0.45,0.18,0.0,0.0,17.4,3.73,3.3,0.05,0.0,1.0,1.0,0.0,0.0,0.026,0.0,3.0,3.0,1.63,-3.84,5.0
2018,Perhentian,Sunda Shelf,10.0,42.32,1.0,1.37,5.9,102.7333,0.15,0.61,0.0,2.80811232449298,5.529554515513953,46.26451724735656,12.792511700468017,6.8,1.95,2.7,0.58,0.03,0.05,21.7,8.4,3.88,0.2,1.0,1.0,1.0,0.0,0.0,0.124,0.0,3.0,3.0,-9.43,-11.89,5.0
2019,Perhentian,Sunda Shelf,10.0,43.69,1.0,-8.19,5.9,102.7333,0.3,0.85,0.15,16.424005681818183,11.541193181818183,14.098011363636367,14.648437500000004,5.5,2.1,2.88,0.8,0.0,0.03,13.58,7.2,2.48,0.03,0.0,1.0,1.0,0.0,0.0,0.212,0.0,3.0,3.0,1.37,-7.84,5.0
2020,Perhentian,Sunda Shelf,10.0,35.5,1.0,2.61,5.9,102.7333,0.91,0.83,0.3,17.064476131432116,11.438313701177929,18.89336639801612,14.150650960942347,7.43,5.53,1.63,0.7,0.03,0.0,13.35,6.93,5.83,0.23,1.0,1.0,1.0,1.0,0.0,0.122,0.0,3.0,3.0,-8.19,-13.71,5.0
2021,Perhentian,Sunda Shelf,10.0,38.11,1.0,4.32,5.9,102.7333,0.16,0.73,0.91,2.2139625080801557,12.120232708468004,10.003232062055593,49.903038138332256,7.4,7.85,5.43,0.93,0.05,0.1,7.05,4.95,4.33,0.35,0.0,1.0,1.0,1.0,0.0,0.77,1.0,2.0,3.0,2.61,-9.17,5.0
2022,Perhentian,Sunda Shelf,10.0,42.43,1.0,-1.12,5.9,102.7333,0.33,0.77,0.16,1.198749131341209,10.85823488533704,22.915218902015287,30.281445448227934,3.6,2.68,1.78,1.15,0.1,0.03,5.15,3.88,2.78,0.13,0.0,0.0,0.0,1.0,1.0,0.346,0.0,1.0,2.0,4.32,-8.06,5.0
2023,Perhentian,Sunda Shelf,10.0,41.31,1.0,-1.06,5.9,102.7333,1.2,0.81,0.33,3.084000681547112,9.69500766740501,18.742545578463112,22.474016016357133,3.45,3.0,2.63,1.3,0.03,0.23,1.33,6.58,5.15,0.13,0.0,1.0,1.0,0.0,1.0,1.977,0.0,3.0,3.0,-1.12,-12.03,5.0
2024,Perhentian,Sunda Shelf,10.0,40.25,1.0,-1.06,5.9,102.7333,9.44,1.19,1.2,0.5188284518828452,15.899581589958158,23.84937238493724,14.125523012552302,4.38,21.5,10.93,0.55,0.15,0.0,15.88,11.0,3.6,0.33,0.0,1.0,1.0,1.0,1.0,0.688,1.0,2.0,3.0,-1.06,-13.02,5.0
2025,Perhentian,Sunda Shelf,10.0,39.19,1.0,-6.75,5.9,102.7333,1.88,0.73,9.44,0.41104899704044723,15.833607365998029,26.816836566918774,6.790529431108188,5.5,10.95,12.0,2.48,0.2,0.0,8.13,8.6,3.0,0.08,1.0,1.0,1.0,1.0,1.0,1.476,0.0,2.0,2.0,-1.06,-11.02,5.0
2018,Pom Pom,North Borneo,9.0,18.76,2.0,-6.75,4.6,118.8667,1.71,0.83,6.7,1.5384615384615385,8.84923076923077,84.03692307692307,1.5384615384615385,5.56,0.69,0.56,0.19,0.0,0.19,30.9,0.06,0.56,0.06,0.0,0.0,0.0,1.0,1.0,0.018,0.0,3.0,2.0,,-17.81,2.769230769230769
2019,Pom Pom,North Borneo,7.0,12.01,1.0,10.76,4.6,118.8667,7.74,0.87,1.71,1.6481018413275743,20.91384405546715,68.51557172084564,3.47806319618095,4.33,0.58,0.81,0.17,0.44,0.14,4.86,0.19,0.17,0.0,1.0,1.0,1.0,1.0,0.0,0.167,0.0,2.0,1.0,-6.75,-24.35,3.9375
2022,Port Dickson,Malacca Strait,2.0,50.95,1.0,-34.38,2.4833,101.85,0.15,0.78,1.56,0.6320081549439348,1.2844036697247707,13.374108053007136,65.60652395514781,2.0,1.0,0.0,0.0,0.0,0.0,0.0,0.0,0.0,0.0,0.0,1.0,0.0,0.0,0.0,,0.0,3.0,3.0,,8.34,1.0
2023,Port Dickson,Malacca Strait,2.0,16.57,1.0,29.37,2.4833,101.85,3.26,0.97,0.15,0.0,0.0,19.09156279961649,25.46740172579099,2.38,0.0,0.0,0.13,1.13,0.0,0.0,0.0,0.0,0.0,0.0,0.0,0.0,0.0,0.0,,0.0,3.0,3.0,-34.38,-20.9,1.0
2024,Port Dickson,Malacca Strait,,45.94,1.0,-3.43,2.4833,101.85,13.64,1.29,3.26,9.247272054743853,0.5733308673941188,22.54484926946551,33.53060847050121,2.5,1.88,0.0,0.0,0.0,0.0,1.88,0.63,0.0,0.0,0.0,0.0,0.0,0.0,1.0,0.0,0.0,3.0,3.0,29.37,4.04,1.0
2025,Port Dickson,Malacca Strait,,42.51,1.0,-7.5,2.4833,101.85,1.94,0.96,13.64,7.062097756131501,0.0,35.32788311010611,31.518524960862766,2.5,2.63,0.0,0.0,0.0,0.0,2.0,0.0,0.0,0.0,0.0,0.0,0.0,0.0,0.0,0.0,0.0,3.0,3.0,-3.43,6.15,1.0
2018,Rawa,Sunda Shelf,1.0,43.75,1.0,16.88,2.5186,103.9747,0.15,0.61,0.0,3.341034298915941,36.66251999289142,29.998222854096323,8.885729518393461,8.5,55.0,1.5,1.25,1.25,0.5,121.75,0.0,0.0,0.0,0.0,1.0,0.0,0.0,0.0,0.012,0.0,3.0,3.0,,-10.46,0.5
2019,Rawa,Sunda Shelf,5.0,60.63,1.0,14.0,2.5186,103.9747,0.3,0.85,0.15,1.598984771573604,11.116751269035532,28.578680203045685,19.03553299492386,9.75,10.0,0.75,0.25,0.0,0.0,235.25,0.0,0.0,0.0,1.0,1.0,0.0,0.0,0.0,0.003,0.0,3.0,3.0,16.88,9.1,0.8333333333333334
2022,Rawa,Sunda Shelf,9.0,74.63,3.0,-12.28,2.5186,103.9747,0.33,0.77,0.16,6.417322834645669,7.4015748031496065,5.94488188976378,28.07086614173229,8.65,8.9,0.55,1.15,0.15,0.0,103.2,0.0,0.0,0.05,0.0,1.0,1.0,1.0,0.0,0.005,0.0,2.0,3.0,14.0,25.42,3.2142857142857144
2023,Rawa,Sunda Shelf,9.0,62.35,1.0,-3.04,2.5186,103.9747,1.2,0.81,0.33,4.807436918990704,26.746347941567066,10.517928286852591,6.454183266932271,7.08,1.53,2.61,1.08,0.08,0.08,46.11,0.06,0.06,0.03,0.0,1.0,1.0,1.0,0.0,0.057,0.0,3.0,3.0,-12.28,9.01,4.5
2024,Rawa,Sunda Shelf,9.0,59.31,1.0,-2.78,2.5186,103.9747,9.44,1.19,1.2,4.62029982796756,20.299827967559597,11.427869255345295,6.660113049889407,6.94,1.58,1.69,0.89,0.0,0.09,79.69,0.08,0.0,0.0,1.0,1.0,1.0,1.0,0.0,0.021,0.0,3.0,3.0,-3.04,6.04,4.5
2025,Rawa,Sunda Shelf,6.0,56.53,1.0,-7.68,2.5186,103.9747,1.88,0.73,9.44,2.714515757994019,21.877156659765358,16.609155739590523,6.073153899240856,5.67,1.36,1.72,0.86,0.22,0.03,71.19,0.0,0.03,0.03,1.0,1.0,0.0,1.0,1.0,0.024,0.0,3.0,3.0,-2.78,6.32,3.5999999999999996
2014,Redang,Sunda Shelf,12.0,54.83,1.0,3.3,5.7667,103.0167,1.47,0.52,1.32,5.662891405729513,1.843215634021763,30.86831001554519,8.105707306240284,7.27,11.1,6.15,0.77,0.0,0.02,7.79,3.96,6.94,0.92,0.0,1.0,1.0,0.0,0.0,0.789,1.0,2.0,2.0,,-1.82,6.0
2015,Redang,Sunda Shelf,12.0,58.13,1.0,5.99,5.7667,103.0167,0.0,0.52,1.47,7.833771196560783,4.346787676140435,25.50752328636255,1.4807738237401482,5.54,3.29,2.65,0.31,0.04,0.02,2.4,3.17,4.04,0.73,0.0,0.0,0.0,1.0,0.0,1.104,1.0,3.0,3.0,3.3,1.75,6.0
2016,Redang,Sunda Shelf,12.0,64.12,1.0,-8.71,5.7667,103.0167,7.25,1.06,0.0,6.5199219838395095,1.7553636110337139,48.481471161883526,3.3435497353023127,5.29,0.79,1.65,0.94,0.13,0.08,9.17,3.67,2.15,0.81,0.0,0.0,0.0,0.0,0.0,0.18,1.0,2.0,3.0,5.99,5.96,6.0
2017,Redang,Sunda Shelf,12.0,55.41,1.0,-5.46,5.7667,103.0167,0.0,0.77,7.25,7.828622700762673,2.8039479587258858,29.676985195154774,9.690444145356663,7.35,8.79,1.92,0.67,0.1,0.0,6.88,2.63,3.35,0.77,0.0,0.0,1.0,0.0,0.0,0.279,1.0,2.0,3.0,-8.71,-0.18,6.0
2018,Redang,Sunda Shelf,12.0,49.95,1.0,-5.73,5.7667,103.0167,0.15,0.61,0.0,2.917082917082917,4.3756243756243745,23.616383616383615,2.177822177822178,5.75,1.56,2.27,0.63,0.17,0.02,8.4,7.69,4.85,1.88,1.0,1.0,1.0,0.0,0.0,0.27,1.0,2.0,3.0,-5.46,-4.26,6.0
2019,Redang,Sunda Shelf,12.0,44.22,1.0,-15.73,5.7667,103.0167,0.3,0.85,0.15,10.09322337755468,5.2348512011473645,12.692721405521693,4.661168877733955,6.29,3.42,3.48,0.63,0.04,0.02,13.63,2.38,3.81,1.67,1.0,1.0,1.0,0.0,0.0,0.255,1.0,1.0,3.0,-5.73,-7.31,6.0
2020,Redang,Sunda Shelf,12.0,28.49,1.0,6.97,5.7667,103.0167,0.91,0.83,0.3,5.7614319675569865,8.809956649419663,30.009788840721583,9.537127674451128,5.38,4.63,4.42,0.73,0.02,0.08,13.42,3.0,4.79,0.33,1.0,1.0,1.0,1.0,0.0,0.329,1.0,2.0,3.0,-15.73,-20.72,6.0
2021,Redang,Sunda Shelf,12.0,35.46,1.0,20.36,5.7667,103.0167,0.16,0.73,0.91,1.85931205453982,5.732878834831112,27.36287573597769,25.75147195537651,4.94,2.85,6.44,0.94,0.02,0.06,7.08,4.5,4.25,0.38,1.0,0.0,1.0,1.0,0.0,0.91,1.0,3.0,3.0,6.97,-11.82,6.0
2022,Redang,Sunda Shelf,12.0,55.82,1.0,-7.54,5.7667,103.0167,0.33,0.77,0.16,2.014030323602625,7.671418873048201,47.86150712830957,7.784566644037112,4.75,5.81,6.19,1.48,0.21,0.31,4.75,4.96,3.54,0.13,0.0,0.0,1.0,1.0,1.0,1.303,0.0,2.0,1.0,20.36,5.33,6.0
2023,Redang,Sunda Shelf,,48.28,1.0,-13.97,5.7667,103.0167,1.2,0.81,0.33,1.9145233030361635,11.274415006768518,42.100174047573006,5.530845097660028,4.17,10.54,5.88,1.42,0.0,0.06,5.77,2.92,3.54,0.19,0.0,1.0,1.0,0.0,1.0,1.019,0.0,2.0,3.0,-7.54,-5.06,6.0
2024,Redang,Sunda Shelf,12.0,34.31,1.0,-5.14,5.7667,103.0167,9.44,1.19,1.2,0.639269406392694,12.922374429223742,34.90106544901065,5.6316590563165905,7.13,4.94,6.73,0.67,0.15,0.02,7.73,10.21,3.67,0.33,1.0,1.0,1.0,1.0,1.0,0.871,1.0,2.0,2.0,-13.97,-18.96,6.0
2025,Redang,Sunda Shelf,12.0,29.17,1.0,-3.28,5.7667,103.0167,1.88,0.73,9.44,0.3670242800677583,4.997176736307171,61.02484472049689,7.651044607566345,4.52,12.21,9.15,0.0,0.23,0.02,5.83,4.67,1.96,0.23,0.0,0.0,1.0,1.0,1.0,1.569,0.0,3.0,3.0,-5.14,-21.04,6.0
2023,Rhu,Sunda Shelf,4.0,43.44,1.0,-12.81,5.8167,102.6167,1.2,0.81,0.33,10.608203677510609,27.51060820367751,19.44837340876945,3.978076379066478,9.28,18.73,0.73,0.25,0.08,0.05,13.9,0.0,1.85,0.0,0.0,1.0,1.0,1.0,0.0,0.053,0.0,3.0,3.0,,-9.9,2.857142857142857
2024,Rhu,Sunda Shelf,,30.63,1.0,-2.34,5.8167,102.6167,9.44,1.19,1.2,7.206687806284232,38.743153646584034,20.942634765061978,4.958201210723551,0.0,0.0,0.75,0.0,0.0,0.0,14.44,0.0,2.0,0.0,0.0,1.0,1.0,1.0,0.0,0.052,0.0,3.0,3.0,-12.81,-22.64,2.0
2025,Rhu,Sunda Shelf,3.0,28.29,1.0,-0.37,5.8167,102.6167,1.88,0.73,9.44,8.297308604099847,54.302049923302185,13.164133314739926,2.0778134151443317,8.56,0.0,0.5,0.13,0.06,0.0,14.19,0.0,1.06,0.0,0.0,0.0,0.0,1.0,0.0,0.035,0.0,3.0,3.0,-2.34,-21.92,1.7142857142857144
2014,Sembilan,Malacca Strait,8.0,44.61,1.0,-10.7,4.0167,100.55,1.2,0.64,2.69,19.992756247736327,19.558131111915976,18.109380659181458,2.136906917783412,4.89,0.17,0.97,2.56,0.03,0.06,159.0,0.0,0.0,0.0,0.0,1.0,1.0,0.0,0.0,0.006,0.0,3.0,3.0,,-12.04,4.235294117647059
2015,Sembilan,Malacca Strait,9.0,33.91,1.0,-2.1,4.0167,100.55,0.63,0.68,1.2,14.886535552193648,24.583963691376702,20.453857791225417,1.6641452344931924,4.03,0.63,0.72,0.06,0.0,0.0,136.47,0.0,0.0,0.0,1.0,1.0,1.0,0.0,0.0,0.005,0.0,3.0,3.0,-10.7,,4.235294117647059
2016,Sembilan,Malacca Strait,9.0,31.81,1.0,-0.63,4.0167,100.55,11.34,1.08,0.63,14.164222873900293,21.89149560117302,23.621700879765395,3.0498533724340176,4.17,0.25,0.83,1.25,0.03,0.0,183.44,0.0,0.0,0.0,0.0,1.0,0.0,0.0,0.0,0.005,0.0,3.0,3.0,-2.1,-4.82,4.5
2017,Sembilan,Malacca Strait,9.0,31.18,1.0,-7.64,4.0167,100.55,0.15,0.8,11.34,15.446091252542866,24.818366753850622,17.959895379250217,0.6102877070619005,7.92,1.47,0.08,0.61,0.0,0.03,170.14,0.0,0.0,0.0,1.0,0.0,1.0,1.0,0.0,0.0,0.0,3.0,3.0,-0.63,-7.47,4.5
2018,Sembilan,Malacca Strait,9.0,23.54,1.0,1.95,4.0167,100.55,0.32,0.74,0.15,13.523410933821605,15.537535966518442,34.05702328014648,2.0925974365681403,7.17,1.58,0.58,0.47,0.0,0.06,158.0,0.0,0.0,0.0,1.0,1.0,1.0,0.0,0.0,0.004,0.0,3.0,3.0,-7.64,-12.13,4.5
2019,Sembilan,Malacca Strait,9.0,25.49,1.0,1.38,4.0167,100.55,3.45,0.97,0.32,14.264626945786368,32.340311325818575,11.178207192699947,0.7514761137949545,4.14,0.08,1.33,1.42,0.0,0.0,159.14,0.0,0.0,0.0,0.0,1.0,1.0,0.0,0.0,0.008,0.0,3.0,3.0,1.95,-9.51,4.5
2020,Sembilan,Malacca Strait,9.0,26.87,1.0,1.46,4.0167,100.55,3.42,0.82,3.45,17.09284835224942,21.372897579652676,20.22425817038151,0.38287980309038705,4.19,0.11,0.78,2.47,0.17,0.03,177.19,0.0,0.0,0.0,0.0,1.0,1.0,0.0,0.0,0.004,0.0,3.0,3.0,1.38,-9.8,4.5
2022,Sembilan,Malacca Strait,9.0,28.33,2.0,0.98,4.0167,100.55,0.15,0.78,1.56,3.9760044642857135,29.268973214285708,16.86662946428571,10.086495535714285,4.69,0.75,1.69,5.69,0.17,0.03,163.42,0.0,0.0,0.0,0.0,1.0,1.0,0.0,0.0,0.01,0.0,3.0,3.0,1.46,-12.88,4.5
2023,Sembilan,Malacca Strait,9.0,29.31,1.0,-0.35,4.0167,100.55,3.26,0.97,0.15,7.072135785007074,15.219236209335222,25.544554455445546,9.03818953323904,3.06,0.67,2.03,0.86,0.06,0.0,158.28,0.0,0.0,0.0,1.0,1.0,1.0,0.0,0.0,0.013,0.0,3.0,3.0,0.98,-8.16,4.5
2024,Sembilan,Malacca Strait,9.0,28.96,1.0,-0.97,4.0167,100.55,13.64,1.29,3.26,7.726952850105559,22.772695285010553,14.961294862772695,17.790288529204783,3.83,1.03,2.47,1.56,0.14,0.08,152.64,0.19,0.0,0.0,1.0,1.0,1.0,0.0,0.0,0.016,0.0,2.0,3.0,-0.35,-12.94,4.5
2014,Semporna,North Borneo,11.0,25.98,1.0,13.96,4.48,118.61,5.17,0.68,1.88,4.477611940298507,34.19267299864315,22.306648575305292,4.423337856173677,7.09,1.63,0.59,0.5,0.32,0.3,37.6,0.11,0.23,0.0,1.0,1.0,1.0,0.0,0.0,0.016,0.0,2.0,1.0,,-16.74,5.739130434782608
2015,Semporna,North Borneo,13.0,39.94,1.0,-8.65,4.48,118.61,3.68,0.65,5.17,8.225108225108226,17.982017982017982,32.06793206793207,16.933066933066932,7.7,0.66,3.41,0.34,0.23,0.02,54.68,0.16,0.45,0.0,0.0,1.0,1.0,1.0,0.0,0.062,0.0,3.0,1.0,13.96,-3.35,5.958333333333333
2024,Seri Buat,Sunda Shelf,,63.73,1.0,-1.67,2.6833,104.1333,9.44,1.19,1.2,0.8549365692222836,6.894649751792609,30.170987313844456,5.598455598455598,13.31,0.19,1.31,1.94,0.0,0.0,30.19,0.0,0.19,0.0,0.0,1.0,1.0,1.0,0.0,0.043,0.0,3.0,3.0,,10.46,2.0
2025,Seri Buat,Sunda Shelf,4.0,62.06,1.0,-7.84,2.6833,104.1333,1.88,0.73,9.44,13.073273589878756,1.9504480759093306,32.7095413811281,7.195571955719558,8.31,2.38,0.31,0.44,0.06,0.0,42.25,0.31,0.38,0.06,1.0,1.0,0.0,1.0,1.0,0.007,0.0,3.0,3.0,-1.67,11.85,2.0
2015,Sibu,Sunda Shelf,6.0,46.66,1.0,4.7,2.2167,104.0667,0.0,0.52,1.47,19.91001124859392,28.515185601799775,3.5245594300712404,14.848143982002249,1.33,3.92,0.33,0.25,0.08,0.0,62.08,0.0,0.58,0.0,0.0,0.0,0.0,0.0,1.0,0.005,0.0,3.0,3.0,,-9.72,2.4000000000000004
2016,Sibu,Sunda Shelf,6.0,51.36,1.0,12.39,2.2167,104.0667,7.25,1.06,0.0,23.967112024665983,21.84994861253854,4.501541623843782,13.27852004110997,1.79,2.75,0.63,0.63,0.54,0.08,66.67,0.0,0.33,0.0,0.0,0.0,0.0,0.0,0.0,0.009,0.0,3.0,3.0,4.7,-6.8,3.0
2017,Sibu,Sunda Shelf,6.0,63.75,1.0,-4.89,2.2167,104.0667,0.0,0.77,7.25,25.013789299503582,6.894649751792609,3.7231108659680086,26.447876447876446,9.17,0.38,0.96,0.46,0.08,0.04,67.46,0.0,0.29,0.0,1.0,1.0,1.0,0.0,0.0,0.014,0.0,3.0,3.0,12.39,8.16,3.0
2018,Sibu,Sunda Shelf,6.0,58.86,1.0,-1.98,2.2167,104.0667,0.15,0.61,0.0,18.488824101068996,7.094266277939745,3.79008746355685,11.15160349854227,9.83,3.17,0.17,0.42,0.33,0.04,58.58,0.04,0.38,0.0,1.0,0.0,1.0,1.0,0.0,0.003,0.0,3.0,3.0,-4.89,4.65,3.0
2019,Sibu,Sunda Shelf,6.0,56.88,1.0,-1.04,2.2167,104.0667,0.3,0.85,0.15,20.77922077922078,11.108534322820036,2.643784786641929,20.52411873840445,4.58,14.29,1.0,0.67,0.17,0.0,58.0,0.0,0.25,0.0,0.0,1.0,0.0,0.0,0.0,0.017,0.0,3.0,3.0,-1.98,5.35,3.0
2020,Sibu,Sunda Shelf,6.0,55.84,1.0,3.53,2.2167,104.0667,0.91,0.83,0.3,25.701992753623188,13.67753623188406,4.008152173913044,29.483695652173914,5.75,1.88,1.38,0.67,0.25,0.08,43.3,0.21,0.29,0.0,0.0,1.0,1.0,1.0,0.0,0.032,0.0,3.0,3.0,-1.04,6.63,3.0
2021,Sibu,Sunda Shelf,6.0,59.37,1.0,-13.44,2.2167,104.0667,0.16,0.73,0.91,7.186807777504307,14.865862663056856,39.74895397489539,13.586020182131431,6.42,0.75,0.0,1.25,0.71,0.0,37.17,0.0,0.29,0.0,0.0,1.0,1.0,1.0,0.0,0.0,0.0,3.0,3.0,3.53,12.09,3.0
2022,Sibu,Sunda Shelf,6.0,45.93,1.0,7.92,2.2167,104.0667,0.33,0.77,0.16,4.624491305956345,32.944876063633,14.835368109507952,31.409544950055494,2.63,1.08,0.5,0.71,0.17,0.0,50.63,0.0,0.21,0.0,0.0,1.0,1.0,1.0,0.0,0.01,0.0,3.0,3.0,-13.44,-4.56,3.0
2023,Sibu,Sunda Shelf,6.0,53.85,1.0,3.75,2.2167,104.0667,1.2,0.81,0.33,3.835319609967497,31.592632719393276,23.033586132177682,17.37811484290357,4.29,2.83,0.71,1.08,0.0,0.0,69.58,0.0,0.17,0.0,1.0,1.0,1.0,1.0,0.0,0.01,0.0,3.0,3.0,7.92,0.51,3.0
2024,Sibu,Sunda Shelf,6.0,57.6,1.0,-6.87,2.2167,104.0667,9.44,1.19,1.2,8.113207547169809,24.811320754716977,22.358490566037734,18.679245283018865,9.92,3.33,1.08,0.58,0.63,0.04,88.58,0.0,0.17,0.0,1.0,1.0,1.0,1.0,0.0,0.012,0.0,3.0,3.0,3.75,4.33,3.0
2025,Sibu,Sunda Shelf,6.0,50.73,1.0,2.08,2.2167,104.0667,1.88,0.73,9.44,2.1108179419525066,29.815303430079155,23.888776131520192,20.722549218591436,8.54,2.42,1.17,0.96,0.29,0.0,91.04,0.0,0.0,0.0,0.0,1.0,0.0,1.0,0.0,0.013,0.0,3.0,3.0,-6.87,0.52,3.0
2023,Singa,Malacca Strait,,67.51,1.0,-3.12,6.1833,99.75,3.26,0.97,0.15,0.0,0.0,19.236688211757464,75.0076946752847,0.0,0.0,0.0,0.0,0.5,0.0,1.5,0.0,0.0,0.0,0.0,1.0,0.0,0.0,0.0,0.0,0.0,3.0,3.0,,30.04,0.5
2015,Sipadan,North Borneo,12.0,60.4,1.0,-7.07,4.1147,118.6289,3.68,0.65,5.17,10.90909090909091,9.318181818181817,35.15151515151515,1.0101010101010102,11.34,3.36,4.23,1.64,1.05,0.02,0.07,0.09,0.11,0.0,1.0,0.0,1.0,1.0,1.0,60.429,0.0,2.0,2.0,,17.11,5.739130434782608
2016,Sipadan,North Borneo,12.0,53.33,1.0,-9.84,4.1147,118.6289,10.52,0.97,3.68,4.359029418080309,16.10478849044449,28.6450504616706,1.5675327464032638,6.83,1.81,3.44,2.16,0.94,0.13,0.0,0.15,0.04,0.02,0.0,0.0,0.0,0.0,0.0,,0.0,1.0,2.0,-7.07,13.01,6.0
2017,Sipadan,North Borneo,12.0,43.49,1.0,6.46,4.1147,118.6289,6.7,0.96,10.52,4.884091311272341,8.936471420987434,33.091488232171294,1.203326844806229,12.5,4.48,10.8,2.67,1.98,0.04,0.0,0.1,0.33,0.0,0.0,0.0,0.0,0.0,0.0,,0.0,1.0,1.0,-9.84,6.92,6.0
2018,Sipadan,North Borneo,12.0,49.95,1.0,-6.46,4.1147,118.6289,1.71,0.83,6.7,7.592407592407592,13.006993006993007,42.25774225774226,0.0,4.04,1.5,1.85,1.02,1.67,0.0,0.02,0.0,0.06,0.0,0.0,1.0,1.0,0.0,0.0,92.5,0.0,1.0,3.0,6.46,13.47,6.0
2020,Sipadan,North Borneo,12.0,43.49,2.0,-3.43,4.1147,118.6289,7.87,1.03,7.74,,,,,5.08,1.94,2.63,2.56,1.33,0.0,0.04,0.02,0.1,0.0,0.0,0.0,0.0,0.0,0.0,65.75,0.0,2.0,3.0,-6.46,7.13,6.0
2021,Sipadan,North Borneo,12.0,40.06,1.0,14.42,4.1147,118.6289,2.18,0.98,7.87,3.9032527105921604,9.474562135112594,28.673894912427027,5.3044203502919105,2.98,0.06,0.58,0.98,1.23,0.02,0.0,0.0,0.17,0.0,0.0,0.0,0.0,1.0,0.0,,0.0,2.0,2.0,-3.43,3.64,6.0
2022,Sipadan,North Borneo,12.0,54.48,1.0,-3.91,4.1147,118.6289,0.92,0.88,2.18,0.7910349373764008,5.493298176225006,59.26170072511536,2.746649088112503,8.33,3.56,6.17,2.4,1.17,0.0,0.02,0.23,0.17,0.0,0.0,1.0,1.0,0.0,0.0,308.5,0.0,2.0,1.0,14.42,14.98,6.0
2023,Sipadan,North Borneo,12.0,50.57,1.0,6.31,4.1147,118.6289,8.7,1.09,0.92,2.4271844660194173,6.007281553398059,39.30016181229774,3.3778317152103563,3.58,3.0,2.96,2.44,0.75,0.4,0.0,0.25,0.06,0.02,0.0,1.0,0.0,0.0,1.0,,0.0,1.0,1.0,-3.91,7.26,6.0
2024,Sipadan,North Borneo,,56.88,1.0,6.41,4.1147,118.6289,11.4,1.23,8.7,1.0897287271041038,11.708787386969627,35.49733364247624,6.16740088105727,5.1,2.56,5.77,2.38,1.6,0.04,0.0,0.02,0.17,0.0,0.0,0.0,0.0,0.0,0.0,,0.0,0.0,3.0,6.31,18.75,6.0
2025,Sipadan,North Borneo,12.0,63.29,1.0,-8.08,4.1147,118.6289,4.04,1.01,11.4,0.0,8.796296296296296,58.14270152505448,1.2799564270152506,7.17,0.92,6.19,3.15,1.65,0.06,0.25,0.33,0.38,0.0,0.0,1.0,1.0,0.0,0.0,24.76,0.0,1.0,3.0,6.41,23.73,6.0
2022,Tengah,Sunda Shelf,11.0,46.25,5.0,7.16,2.47,103.96,0.33,0.77,0.16,11.627906976744185,10.455813953488374,15.51627906976744,25.972093023255816,15.92,8.25,1.5,0.5,1.17,0.0,113.0,0.17,0.25,0.0,0.0,1.0,1.0,0.0,0.0,0.013,0.0,3.0,3.0,,-7.96,2.357142857142857
2023,Tengah,Sunda Shelf,11.0,53.41,1.0,-4.72,2.47,103.96,1.2,0.81,0.33,6.716738197424893,33.28326180257511,3.1759656652360517,18.175965665236056,12.61,0.93,4.27,0.66,0.39,0.02,152.18,0.0,0.14,0.0,1.0,1.0,1.0,1.0,0.0,0.028,0.0,3.0,3.0,7.16,0.07,5.5
2024,Tengah,Sunda Shelf,11.0,48.69,1.0,-0.74,2.47,103.96,9.44,1.19,1.2,3.664003118300526,20.8146560124732,14.071331124537126,11.732605729877216,12.48,2.32,1.43,0.55,0.3,0.09,152.02,0.05,0.43,0.0,1.0,1.0,1.0,1.0,0.0,0.009,0.0,2.0,3.0,-4.72,-4.58,5.5
2025,Tengah,Sunda Shelf,6.0,47.95,1.0,-2.22,2.47,103.96,1.88,0.73,9.44,3.7086856264411985,18.23597232897771,20.96464258262875,6.437355880092237,13.66,0.8,3.18,0.98,0.36,0.05,145.02,0.02,0.14,0.0,1.0,1.0,1.0,1.0,0.0,0.022,0.0,3.0,2.0,-0.74,-2.26,3.8823529411764706
2014,Tenggol,Sunda Shelf,6.0,56.2,1.0,-2.66,4.8,103.6833,1.47,0.52,1.32,2.13302752293578,3.096330275229358,20.80275229357798,14.564220183486237,2.92,4.92,7.67,0.58,0.08,0.0,0.83,0.79,1.25,0.29,0.0,0.0,0.0,0.0,1.0,9.241,0.0,2.0,3.0,,-0.45,3.0
2015,Tenggol,Sunda Shelf,6.0,53.54,1.0,5.11,4.8,103.6833,0.0,0.52,1.47,2.6904864399483426,8.975462763667672,14.1196728368489,13.452432199741713,2.42,0.25,6.12,0.42,0.0,0.0,0.38,0.5,1.17,0.33,0.0,0.0,1.0,1.0,0.0,16.105,1.0,2.0,3.0,-2.66,-2.84,3.0
2016,Tenggol,Sunda Shelf,6.0,58.65,1.0,1.66,4.8,103.6833,7.25,1.06,0.0,3.7717601547388777,6.552224371373307,27.973887814313343,9.30851063829787,2.42,1.29,3.0,0.67,0.13,0.08,0.54,0.88,0.83,0.13,0.0,0.0,1.0,1.0,0.0,5.556,0.0,2.0,3.0,5.11,0.49,3.0
2017,Tenggol,Sunda Shelf,6.0,60.31,1.0,-7.39,4.8,103.6833,0.0,0.77,7.25,2.3683547493071297,5.240614764424287,35.95364071554547,8.138070042831947,3.13,6.92,3.96,0.46,0.04,0.0,0.13,0.75,0.54,0.13,1.0,0.0,0.0,1.0,0.0,30.462,0.0,1.0,3.0,1.66,4.72,3.0
2018,Tenggol,Sunda Shelf,6.0,52.92,1.0,-1.15,4.8,103.6833,0.15,0.61,0.0,4.205607476635514,5.522514868309261,27.442650807136786,17.48088360237893,4.04,1.33,6.5,0.38,0.0,0.0,0.21,1.75,5.5,0.08,1.0,1.0,1.0,1.0,0.0,30.952,0.0,0.0,3.0,-7.39,-1.29,3.0
2019,Tenggol,Sunda Shelf,6.0,51.77,1.0,-4.58,4.8,103.6833,0.3,0.85,0.15,4.748082106572673,7.132490151358076,13.601492846775864,16.193240721542608,3.88,2.21,7.21,0.17,0.08,0.08,0.58,1.04,0.63,0.21,1.0,1.0,1.0,0.0,0.0,12.431,0.0,1.0,3.0,-1.15,0.24,3.0
2020,Tenggol,Sunda Shelf,6.0,47.19,1.0,5.21,4.8,103.6833,0.91,0.83,0.3,2.3669759515243327,3.7492899072145427,17.155841696648363,30.56239348608218,3.92,2.75,5.0,0.46,0.04,0.08,0.38,0.58,0.38,0.38,1.0,1.0,1.0,1.0,0.0,13.158,1.0,1.0,3.0,-4.58,-2.02,3.0
2021,Tenggol,Sunda Shelf,6.0,52.4,1.0,5.4,4.8,103.6833,0.16,0.73,0.91,0.4411764705882353,4.8109243697479,19.915966386554626,36.32352941176471,6.13,13.83,10.5,0.75,0.17,0.17,0.04,2.13,0.42,0.33,0.0,1.0,1.0,0.0,0.0,262.5,1.0,2.0,3.0,5.21,5.12,3.0
2022,Tenggol,Sunda Shelf,6.0,57.8,1.0,-6.36,4.8,103.6833,0.33,0.77,0.16,1.2322274881516586,9.383886255924171,31.35071090047393,10.118483412322272,2.71,6.71,4.96,0.71,0.0,0.0,0.0,0.33,0.42,0.46,0.0,1.0,1.0,1.0,1.0,,1.0,3.0,3.0,5.4,7.31,3.0
2023,Tenggol,Sunda Shelf,6.0,51.44,1.0,-4.77,4.8,103.6833,1.2,0.81,0.33,1.297364085667216,7.0840197693574956,16.742174629324545,10.93492586490939,2.46,8.42,5.42,0.54,0.0,0.04,0.17,2.71,1.04,0.38,1.0,1.0,1.0,1.0,0.0,31.882,1.0,3.0,3.0,-6.36,-1.9,3.0
2024,Tenggol,Sunda Shelf,5.0,46.67,1.0,10.41,4.8,103.6833,9.44,1.19,1.2,0.7874015748031495,7.03037120359955,23.82827146606674,14.641919760029994,5.04,8.67,7.08,1.0,0.0,0.0,0.54,4.0,0.54,0.21,0.0,1.0,1.0,1.0,1.0,13.111,0.0,1.0,3.0,-4.77,-6.6,2.727272727272727
2025,Tenggol,Sunda Shelf,6.0,57.08,1.0,-2.91,4.8,103.6833,1.88,0.73,9.44,1.21127416724901,7.2909387374796175,27.67295597484277,14.3256464011181,5.33,1.04,9.83,0.21,0.13,0.0,0.13,4.13,0.42,0.17,1.0,1.0,1.0,1.0,1.0,75.615,0.0,2.0,3.0,10.41,6.87,2.727272727272727
2016,Tiga,North Borneo,6.0,29.58,1.0,13.85,5.725,115.6417,10.52,0.97,3.68,4.872159090909092,16.12215909090909,45.127840909090914,1.9176136363636367,1.58,3.79,1.63,0.42,1.04,0.0,0.63,0.29,0.75,0.0,0.0,1.0,1.0,1.0,0.0,2.587,0.0,2.0,2.0,,-10.74,3.0
2017,Tiga,North Borneo,6.0,43.43,1.0,-7.8,5.725,115.6417,6.7,0.96,10.52,6.082036775106082,20.43847241867044,42.91018387553041,9.759547383309759,1.75,5.12,3.75,0.25,0.04,0.0,2.38,0.46,0.75,0.0,1.0,1.0,0.0,0.0,0.0,1.576,0.0,3.0,3.0,13.85,6.86,3.0
2020,Tiga,North Borneo,7.0,35.63,3.0,-6.71,5.725,115.6417,7.87,1.03,7.74,3.727865796831313,6.632494563529044,62.13109661385523,3.5570052811432116,5.38,6.83,2.33,0.5,0.17,0.0,0.75,0.38,0.63,0.0,0.0,0.0,0.0,0.0,0.0,3.107,0.0,3.0,3.0,-7.8,-0.85,3.230769230769231
2021,Tiga,North Borneo,7.0,28.92,1.0,14.66,5.725,115.6417,2.18,0.98,7.87,0.9988745075970737,5.782217220033766,41.08047270680923,14.068655036578503,3.25,7.07,1.18,0.21,0.07,0.07,1.96,0.21,1.04,0.0,0.0,1.0,1.0,1.0,0.0,0.602,0.0,2.0,2.0,-6.71,-7.5,3.5
2022,Tiga,North Borneo,7.0,43.58,1.0,-10.19,5.725,115.6417,0.92,0.88,2.18,0.0,8.064516129032258,55.86671393123006,4.271534916696207,3.14,6.86,5.07,0.29,0.25,0.0,0.18,0.0,0.86,0.0,0.0,0.0,0.0,0.0,0.0,28.167,0.0,3.0,2.0,14.66,4.08,3.5
2023,Tiga,North Borneo,7.0,33.39,1.0,0.0,5.725,115.6417,8.7,1.09,0.92,0.8106890857228645,10.98934093979883,29.62017715057799,10.719111244557872,4.36,10.93,9.25,1.0,0.32,0.04,0.32,0.39,0.93,0.0,0.0,0.0,0.0,1.0,0.0,28.906,0.0,3.0,2.0,-10.19,-9.92,3.5
2024,Tiga,North Borneo,,33.39,1.0,-10.72,5.725,115.6417,11.4,1.23,8.7,0.0,16.486486486486488,29.489489489489497,9.78978978978979,5.0,14.5,12.07,0.39,0.79,0.0,4.11,0.11,1.25,0.0,0.0,0.0,0.0,1.0,0.0,2.937,0.0,3.0,2.0,0.0,-4.74,3.5
2025,Tiga,North Borneo,7.0,22.67,1.0,-1.15,5.725,115.6417,4.04,1.01,11.4,0.9181430234061813,9.336609336609335,20.703478598215444,10.629768524505367,2.93,9.61,8.64,0.79,0.64,0.21,0.96,0.11,2.0,0.0,0.0,0.0,1.0,1.0,0.0,9.0,0.0,3.0,2.0,-10.72,-16.89,3.5
2015,Tinggi,Sunda Shelf,4.0,61.88,1.0,8.12,2.3,104.1167,0.0,0.52,1.47,6.163126147390506,16.810910044584315,4.091266719118804,27.852084972462627,0.63,6.75,0.56,0.25,0.25,0.0,73.19,0.38,0.13,0.0,0.0,0.0,0.0,0.0,1.0,0.008,0.0,3.0,3.0,,5.5,2.0
2016,Tinggi,Sunda Shelf,4.0,70.0,1.0,-5.78,2.3,104.1167,7.25,1.06,0.0,5.231589470176608,19.260246584471844,5.731422859046985,16.661112962345886,2.69,5.31,0.94,0.88,0.13,0.25,57.88,0.25,0.13,0.0,0.0,0.0,0.0,0.0,1.0,0.016,0.0,3.0,3.0,8.12,11.84,2.0
2017,Tinggi,Sunda Shelf,4.0,64.22,1.0,0.31,2.3,104.1167,0.0,0.77,7.25,,,,,5.38,0.06,1.88,0.38,0.0,0.0,74.5,0.13,0.06,0.19,1.0,1.0,1.0,0.0,0.0,0.025,0.0,3.0,3.0,-5.78,8.63,2.0
2018,Tinggi,Sunda Shelf,4.0,64.53,1.0,-3.9,2.3,104.1167,0.15,0.61,0.0,5.724760293288211,11.449520586576423,13.649182177100958,15.42583192329385,7.94,1.25,1.94,0.94,0.88,0.0,79.56,0.0,0.0,0.0,0.0,0.0,1.0,1.0,0.0,0.024,0.0,3.0,3.0,0.31,10.32,2.0
2019,Tinggi,Sunda Shelf,4.0,60.63,1.0,-2.04,2.3,104.1167,0.3,0.85,0.15,8.329101066531233,17.06449974606399,2.7932960893854752,8.735398679532757,6.88,7.75,0.0,0.5,0.13,0.0,57.69,0.25,0.0,0.0,0.0,0.0,1.0,0.0,0.0,0.0,0.0,3.0,3.0,-3.9,9.1,2.0
2020,Tinggi,Sunda Shelf,4.0,58.59,1.0,-13.43,2.3,104.1167,0.91,0.83,0.3,6.787439613526572,12.82608695652174,3.7681159420289863,36.618357487922715,4.19,4.06,0.25,0.94,0.13,0.0,56.5,0.06,0.06,0.0,0.0,1.0,1.0,1.0,0.0,0.004,0.0,3.0,3.0,-2.04,9.38,2.0
2021,Tinggi,Sunda Shelf,4.0,45.16,1.0,2.97,2.3,104.1167,0.16,0.73,0.91,1.7140773158278628,6.546316557257476,22.501823486506197,13.676148796498905,3.81,0.38,0.56,1.06,0.75,0.0,56.5,0.0,0.13,0.0,0.0,1.0,1.0,1.0,0.0,0.01,0.0,3.0,3.0,-13.43,-2.12,2.0
2022,Tinggi,Sunda Shelf,4.0,48.13,1.0,0.15,2.3,104.1167,0.33,0.77,0.16,1.8118735543562063,15.36237471087124,11.449498843484966,40.97918272937549,2.5,4.38,0.94,0.69,0.13,0.06,66.31,0.0,0.13,0.0,1.0,1.0,1.0,0.0,0.0,0.014,0.0,3.0,3.0,2.97,-2.36,2.0
2023,Tinggi,Sunda Shelf,4.0,48.28,1.0,1.72,2.3,104.1167,1.2,0.81,0.33,0.908739365815932,11.484918793503482,11.77494199535963,14.501160092807424,2.5,3.19,0.5,0.56,0.25,0.0,90.06,0.0,0.44,0.0,1.0,1.0,1.0,1.0,0.0,0.006,0.0,3.0,3.0,0.15,-5.06,2.0
2024,Tinggi,Sunda Shelf,4.0,50.0,1.0,6.72,2.3,104.1167,9.44,1.19,1.2,1.2594962015193925,13.754498200719715,18.432626949220314,17.812874850059977,4.56,7.75,0.88,0.25,0.06,0.0,95.56,0.0,0.0,0.0,1.0,1.0,1.0,1.0,0.0,0.009,0.0,3.0,3.0,1.72,-3.27,2.0
2025,Tinggi,Sunda Shelf,4.0,56.72,1.0,-4.22,2.3,104.1167,1.88,0.73,9.44,0.36968576709796674,16.959334565619223,14.071164510166358,19.131238447319777,6.31,5.5,0.69,0.25,0.5,0.0,166.69,0.0,0.0,0.0,0.0,1.0,1.0,1.0,0.0,0.004,0.0,2.0,3.0,6.72,6.51,2.0
2013,Tioman,Sunda Shelf,,55.81,1.0,0.0,2.7833,104.1667,1.32,0.69,0.15,6.634855714610316,8.361735969097934,27.13019768234492,5.157918654851171,4.66,1.11,1.72,0.88,0.04,0.09,72.2,6.91,2.15,0.23,1.0,0.0,1.0,0.0,0.0,0.024,0.0,1.0,2.0,,-0.84,9.0
2014,Tioman,Sunda Shelf,19.0,55.81,1.0,4.59,2.7833,104.1667,1.47,0.52,1.32,,,,,4.66,1.11,1.72,0.88,0.04,0.09,72.2,6.91,2.15,0.23,1.0,0.0,1.0,0.0,0.0,0.024,0.0,1.0,2.0,0.0,-0.84,9.243243243243244
2015,Tioman,Sunda Shelf,18.0,60.4,1.0,0.99,2.7833,104.1667,0.0,0.52,1.47,7.270891189093661,16.43524362534713,26.9123958596314,4.317091643524361,5.66,3.53,1.63,0.22,0.01,0.05,117.48,7.09,2.2,0.14,1.0,1.0,1.0,1.0,0.0,0.014,0.0,1.0,2.0,4.59,4.02,9.243243243243244
2016,Tioman,Sunda Shelf,18.0,61.39,1.0,-1.91,2.7833,104.1667,7.25,1.06,0.0,6.7340067340067336,9.090909090909092,28.231028231028233,9.893809893809893,5.25,3.69,1.65,0.36,0.01,0.04,59.13,7.5,2.03,0.07,1.0,1.0,0.0,0.0,0.0,0.028,0.0,2.0,3.0,0.99,3.23,9.0
2017,Tioman,Sunda Shelf,17.0,59.48,1.0,6.89,2.7833,104.1667,0.0,0.77,7.25,4.021712311867753,11.991117690599557,36.76289168517148,12.015790772267458,5.99,0.43,2.56,0.74,0.06,0.03,69.3,11.3,1.44,0.08,1.0,1.0,1.0,1.0,0.0,0.037,0.0,2.0,2.0,-1.91,3.89,8.742857142857144
2018,Tioman,Sunda Shelf,18.0,66.37,1.0,-3.77,2.7833,104.1667,0.15,0.61,0.0,4.69678953626635,11.028537455410225,46.0166468489893,3.8347205707491083,4.93,0.93,2.34,0.91,0.15,0.06,36.44,10.5,1.56,0.25,1.0,1.0,1.0,1.0,0.0,0.064,0.0,1.0,3.0,6.89,12.16,8.742857142857144
2019,Tioman,Sunda Shelf,18.0,62.6,1.0,1.22,2.7833,104.1667,0.3,0.85,0.15,4.652406417112299,7.245989304812834,33.42245989304813,6.871657754010695,6.88,6.86,2.6,0.46,0.04,0.03,37.71,10.15,1.5,0.29,0.0,1.0,1.0,0.0,0.0,0.069,0.0,2.0,2.0,-3.77,11.07,9.0
2020,Tioman,Sunda Shelf,18.0,63.82,1.0,-0.15,2.7833,104.1667,0.91,0.83,0.3,5.194805194805195,11.715943630837248,17.767339043934786,16.966012710693562,6.51,0.65,2.13,0.9,0.03,0.01,98.01,7.5,1.49,0.19,1.0,1.0,1.0,1.0,0.0,0.022,0.0,1.0,2.0,1.22,14.61,9.0
2021,Tioman,Sunda Shelf,18.0,63.67,1.0,-3.08,2.7833,104.1667,0.16,0.73,0.91,3.716960352422908,10.242290748898679,24.284140969162994,7.075991189427312,5.88,1.82,2.54,0.44,0.03,0.06,38.83,8.9,1.18,0.68,1.0,1.0,1.0,1.0,0.0,0.065,1.0,1.0,2.0,-0.15,16.39,9.0
2022,Tioman,Sunda Shelf,18.0,60.59,1.0,2.78,2.7833,104.1667,0.33,0.77,0.16,2.562801319462066,7.764526769855368,21.6696269982238,11.824410048211115,7.03,2.61,2.22,1.33,0.25,0.04,43.29,7.08,1.25,1.79,1.0,1.0,1.0,1.0,1.0,0.051,1.0,2.0,3.0,-3.08,10.1,9.0
2023,Tioman,Sunda Shelf,18.0,63.37,1.0,1.25,2.7833,104.1667,1.2,0.81,0.33,1.6107016107016106,7.589407589407589,17.908817908817905,7.589407589407589,7.29,5.04,1.72,0.65,0.06,0.06,45.67,5.89,0.96,0.96,1.0,1.0,1.0,0.0,1.0,0.038,1.0,0.0,3.0,2.78,10.03,9.0
2024,Tioman,Sunda Shelf,,64.62,1.0,-6.33,2.7833,104.1667,9.44,1.19,1.2,1.2715456343599887,9.720259960440803,27.974003955919752,10.596213619666573,6.29,1.36,2.11,0.93,0.03,0.04,35.56,8.85,0.75,0.65,1.0,1.0,1.0,1.0,1.0,0.059,1.0,1.0,2.0,1.25,11.35,9.0
2025,Tioman,Sunda Shelf,18.0,58.29,1.0,-15.3,2.7833,104.1667,1.88,0.73,9.44,1.4378145219266714,12.988257848070933,22.645578720345075,10.615863886891924,6.24,0.53,1.9,1.13,0.07,0.07,45.18,9.07,1.19,0.49,1.0,1.0,1.0,1.0,1.0,0.042,1.0,3.0,3.0,-6.33,8.08,9.0
2023,Tun Mustapha Park,North Borneo,18.0,45.59,1.0,-3.4,7.1,117.15,8.7,1.09,0.92,1.396545387725101,6.449834619625137,34.01323042998898,21.444321940463066,2.67,1.83,2.4,0.15,0.08,0.0,31.05,0.06,0.74,0.01,1.0,1.0,1.0,1.0,1.0,0.077,0.0,3.0,2.0,,2.28,9.0
2024,Tun Mustapha Park,North Borneo,18.0,42.19,1.0,2.64,7.1,117.15,11.4,1.23,8.7,4.323763403666552,6.43375994465583,16.758906952611554,8.111380145278451,4.53,3.11,6.56,0.28,0.44,0.04,32.56,0.18,1.0,0.15,1.0,1.0,1.0,1.0,1.0,0.201,0.0,3.0,0.0,-3.4,4.06,9.0
2025,Tun Mustapha Park,North Borneo,18.0,44.83,1.0,-4.48,7.1,117.15,4.04,1.01,11.4,1.9575856443719415,7.48595251042233,25.992387166938553,8.301613195577307,4.19,3.78,9.94,0.76,0.5,0.03,15.57,0.18,0.93,0.04,1.0,1.0,1.0,1.0,1.0,0.638,0.0,2.0,1.0,2.64,5.27,9.0
2014,Tun Sakaran Marine Park,North Borneo,14.0,43.2,1.0,7.2,4.6,118.7833,5.17,0.68,1.88,1.6433998939742005,31.807739883371617,28.962714260470047,5.248277080756317,4.35,15.7,1.31,0.25,0.15,0.0,5.15,0.06,0.5,0.08,1.0,0.0,1.0,1.0,0.0,0.254,0.0,2.0,1.0,,0.48,6.461538461538462
2015,Tun Sakaran Marine Park,North Borneo,12.0,50.4,1.0,3.71,4.6,118.7833,3.68,0.65,5.17,3.971774193548387,22.137096774193548,41.49193548387096,0.8064516129032258,5.98,5.68,2.57,0.38,0.04,0.0,12.77,0.0,1.54,0.34,0.0,0.0,0.0,1.0,0.0,0.201,1.0,2.0,2.0,7.2,7.11,6.461538461538462
2016,Tun Sakaran Marine Park,North Borneo,14.0,54.11,1.0,-6.52,4.6,118.7833,10.52,0.97,3.68,2.963608629331009,19.633907169317933,35.17106123338418,6.254085857485291,5.15,3.54,4.9,0.65,0.13,0.0,3.21,0.06,0.75,0.1,0.0,0.0,0.0,0.0,0.0,1.526,0.0,2.0,2.0,3.71,13.79,6.461538461538462
2017,Tun Sakaran Marine Park,North Borneo,12.0,47.59,1.0,3.08,4.6,118.7833,6.7,0.96,10.52,4.349484929416253,26.402136589088133,32.86913391835177,1.9648988935520793,4.84,1.59,3.61,0.21,0.14,0.0,14.95,0.04,1.57,0.2,0.0,0.0,0.0,0.0,0.0,0.241,0.0,2.0,3.0,-6.52,11.02,6.461538461538462
2018,Tun Sakaran Marine Park,North Borneo,12.0,50.67,1.0,3.71,4.6,118.7833,1.71,0.83,6.7,7.414178346536667,18.829981718464353,58.52122689417023,5.17976843388178,3.33,3.9,2.54,0.06,0.19,0.02,3.98,0.02,0.27,0.02,0.0,0.0,0.0,0.0,0.0,0.638,0.0,2.0,1.0,3.08,14.19,6.0
2020,Tun Sakaran Marine Park,North Borneo,12.0,54.38,2.0,-21.05,4.6,118.7833,7.87,1.03,7.74,14.379658044717228,15.519508987286276,45.4405962297238,0.6795265234546252,3.35,9.02,1.71,0.13,0.1,0.0,1.1,0.02,0.52,0.13,1.0,0.0,0.0,0.0,0.0,1.555,0.0,3.0,3.0,3.71,18.02,6.0
2021,Tun Sakaran Marine Park,North Borneo,12.0,33.33,1.0,2.72,4.6,118.7833,2.18,0.98,7.87,0.7800780078007802,19.29192919291929,39.91899189918992,1.9501950195019504,0.98,0.0,1.77,0.0,0.04,0.0,12.98,0.0,1.27,0.0,0.0,0.0,1.0,1.0,0.0,0.136,0.0,3.0,3.0,-21.05,-3.09,6.0
2022,Tun Sakaran Marine Park,North Borneo,12.0,36.05,1.0,15.51,4.6,118.7833,0.92,0.88,2.18,0.1563721657544957,16.77873338545739,40.0,2.767787333854574,4.21,1.69,5.0,0.83,0.15,0.02,4.19,0.04,0.17,0.13,0.0,1.0,1.0,1.0,1.0,1.193,0.0,2.0,3.0,2.72,-3.45,6.0
2023,Tun Sakaran Marine Park,North Borneo,12.0,51.56,1.0,-5.73,4.6,118.7833,8.7,1.09,0.92,0.10324179227751394,18.273797233119964,36.87796820152798,3.117902126780921,5.15,1.19,7.52,0.31,0.19,0.06,2.58,0.0,0.56,0.02,0.0,1.0,1.0,0.0,1.0,2.915,0.0,2.0,3.0,15.51,8.25,6.0
2024,Tun Sakaran Marine Park,North Borneo,12.0,45.83,1.0,9.95,4.6,118.7833,11.4,1.23,8.7,0.3876684511722356,21.247923204725865,36.920804873546246,5.962709987077719,3.69,7.06,4.94,0.42,0.25,0.02,4.85,0.0,0.71,0.48,1.0,0.0,1.0,1.0,1.0,1.019,1.0,2.0,3.0,-5.73,7.7,6.0
2025,Tun Sakaran Marine Park,North Borneo,12.0,55.78,1.0,-4.01,4.6,118.7833,4.04,1.01,11.4,1.0626271761248023,13.904589645037307,46.28080488356319,4.476599593036401,4.99,4.96,6.6,1.13,0.04,0.06,3.0,0.02,0.38,0.0,1.0,1.0,1.0,1.0,1.0,2.2,0.0,1.0,3.0,9.95,16.22,6.0
2014,Tunku Abdul Rahman Park,North Borneo,13.0,40.0,1.0,-1.54,5.9667,115.9833,5.17,0.68,1.88,6.666666666666667,13.333333333333334,33.33333333333333,11.666666666666666,2.78,4.71,1.93,0.38,0.11,0.08,2.63,0.51,0.61,0.01,1.0,1.0,1.0,0.0,1.0,0.734,0.0,3.0,2.0,,-2.72,4.9523809523809526
2015,Tunku Abdul Rahman Park,North Borneo,13.0,38.46,1.0,-5.76,5.9667,115.9833,3.68,0.65,5.17,4.224894377640559,13.665908352291192,25.93435164120897,5.232369190770232,2.27,4.44,1.79,0.12,0.1,0.02,5.4,0.35,0.77,0.23,0.0,1.0,1.0,0.0,1.0,0.331,0.0,2.0,2.0,-1.54,-4.83,6.5
2016,Tunku Abdul Rahman Park,North Borneo,8.0,32.7,1.0,17.54,5.9667,115.9833,10.52,0.97,3.68,2.1393552221066705,10.711632744020205,31.15436042192839,9.924231169217054,3.48,2.56,2.98,0.21,0.08,0.0,4.73,0.62,0.67,0.54,1.0,1.0,1.0,1.0,1.0,0.63,1.0,2.0,1.0,-5.76,-7.62,4.9523809523809526
2017,Tunku Abdul Rahman Park,North Borneo,8.0,50.24,1.0,-12.43,5.9667,115.9833,6.7,0.96,10.52,4.399357171554842,27.78224186420249,41.44234632382482,1.7276014463640015,2.78,2.22,4.31,0.81,0.69,0.09,4.03,1.03,0.59,0.31,0.0,0.0,0.0,0.0,1.0,1.069,1.0,2.0,2.0,17.54,13.67,4.0
2020,Tunku Abdul Rahman Park,North Borneo,8.0,37.81,3.0,8.9,5.9667,115.9833,7.87,1.03,7.74,1.5114970252452162,13.571313716031517,57.03489306962533,0.0,1.75,9.95,2.75,0.0,0.0,0.0,3.1,0.0,0.45,0.1,0.0,0.0,0.0,0.0,1.0,0.887,0.0,3.0,3.0,-12.43,1.33,4.0
2021,Tunku Abdul Rahman Park,North Borneo,8.0,46.71,1.0,1.64,5.9667,115.9833,2.18,0.98,7.87,0.8819665978607618,16.569712891724524,32.85794708200413,4.691311690748733,5.38,11.09,2.88,0.97,0.22,0.03,35.03,0.28,1.91,0.34,0.0,1.0,1.0,1.0,0.0,0.082,1.0,3.0,3.0,8.9,10.29,4.0
2022,Tunku Abdul Rahman Park,North Borneo,8.0,48.35,1.0,-28.28,5.9667,115.9833,0.92,0.88,2.18,0.0,12.410454985479186,42.962245885769605,3.020329138431752,4.5,10.88,5.25,0.78,0.06,0.0,7.38,0.16,1.34,0.53,0.0,1.0,1.0,0.0,1.0,0.711,1.0,3.0,3.0,1.64,8.85,4.0
2023,Tunku Abdul Rahman Park,North Borneo,8.0,20.07,1.0,1.02,5.9667,115.9833,8.7,1.09,0.92,0.0,6.155385962717378,42.236957337670454,3.7157512823720755,2.13,9.56,0.5,0.22,0.0,0.0,39.72,0.09,3.16,0.0,0.0,1.0,1.0,1.0,0.0,0.013,0.0,2.0,3.0,-28.28,-23.24,4.0
2024,Tunku Abdul Rahman Park,North Borneo,,21.09,1.0,-7.11,5.9667,115.9833,11.4,1.23,8.7,0.10138132049169941,19.503231529590675,19.807375491065773,4.549486757065011,4.16,18.72,5.25,0.28,0.16,0.03,17.97,0.0,1.22,0.0,0.0,1.0,1.0,1.0,1.0,0.292,0.0,3.0,3.0,1.02,-17.04,4.0
2025,Tunku Abdul Rahman Park,North Borneo,,13.98,1.0,-0.86,5.9667,115.9833,4.04,1.01,11.4,0.18600325505696347,2.092536619390839,62.68309695419669,2.7202976052080907,1.91,0.44,2.28,0.38,0.03,0.03,48.72,0.0,1.5,0.06,1.0,1.0,1.0,1.0,1.0,0.047,0.0,3.0,2.0,-7.11,-25.58,4.0
2015,Usukan Cove,North Borneo,5.0,38.44,1.0,-2.81,6.3833,116.4167,3.68,0.65,5.17,4.239077472795192,14.71495858372584,18.434302420009743,2.208867955172974,0.96,2.42,1.38,0.04,0.17,0.0,0.13,0.04,0.04,0.0,1.0,1.0,1.0,1.0,0.0,10.615,0.0,3.0,3.0,,-4.85,2.727272727272727
2016,Usukan Cove,North Borneo,6.0,35.63,1.0,-2.61,6.3833,116.4167,10.52,0.97,3.68,2.9197080291970803,6.600403789408293,16.695138996738624,25.640627426619044,0.85,2.55,2.8,0.1,0.2,0.0,6.35,0.35,0.1,0.0,1.0,1.0,1.0,1.0,0.0,0.441,0.0,3.0,2.0,-2.81,-4.69,2.727272727272727
2017,Usukan Cove,North Borneo,3.0,33.02,1.0,-7.18,6.3833,116.4167,6.7,0.96,10.52,7.165248544558889,7.314524555903866,20.67472757127929,31.407672786983127,1.0,0.38,0.71,0.0,0.21,0.0,1.83,0.0,0.04,0.0,1.0,0.0,1.0,1.0,0.0,0.388,0.0,3.0,3.0,-2.61,-3.55,2.0
2018,Usukan Cove,North Borneo,6.0,25.84,1.0,8.33,6.3833,116.4167,1.71,0.83,6.7,1.4021841714979102,10.111905082917621,19.10475933665903,22.758527706619923,1.33,0.42,0.83,0.08,0.0,0.0,2.08,0.33,1.75,0.0,1.0,1.0,1.0,1.0,0.0,0.399,0.0,3.0,3.0,-7.18,-10.64,2.0
2019,Usukan Cove,North Borneo,6.0,34.17,1.0,18.85,6.3833,116.4167,7.74,0.87,1.71,2.217496962332928,23.73936816524909,21.36998784933171,8.21688942891859,1.75,0.75,0.67,0.58,0.0,0.0,0.29,0.42,0.46,0.0,1.0,1.0,1.0,1.0,0.0,2.31,0.0,3.0,2.0,8.33,-2.19,3.0
2020,Usukan Cove,North Borneo,5.0,53.02,1.0,-18.03,6.3833,116.4167,7.87,1.03,7.74,,,,,0.67,1.54,1.13,0.04,0.29,0.0,0.54,0.29,0.13,0.0,0.0,0.0,1.0,1.0,0.0,2.093,0.0,3.0,2.0,18.85,21.42,2.727272727272727
2021,Usukan Cove,North Borneo,6.0,34.99,1.0,0.84,6.3833,116.4167,2.18,0.98,7.87,1.537988311288834,19.040295293755765,5.967394647800676,46.92402337742232,0.85,0.0,1.3,0.0,0.0,0.05,0.4,0.8,0.4,0.0,0.0,1.0,0.0,1.0,1.0,3.25,0.0,3.0,3.0,-18.03,-1.43,2.727272727272727
2022,Usukan Cove,North Borneo,6.0,35.83,1.0,-5.93,6.3833,116.4167,0.92,0.88,2.18,0.6544094733561856,34.24742910564038,25.646618884387657,5.359925210345901,1.04,5.63,0.08,0.04,0.0,0.0,0.88,0.13,0.29,0.0,0.0,0.0,0.0,1.0,1.0,0.091,0.0,3.0,3.0,0.84,-3.67,3.0
2023,Usukan Cove,North Borneo,6.0,29.9,1.0,-4.17,6.3833,116.4167,8.7,1.09,0.92,0.2995720399429387,20.798858773181173,31.35520684736092,7.132667617689016,1.92,0.79,0.38,0.04,0.0,0.0,0.17,0.0,0.08,0.0,0.0,0.0,0.0,0.0,1.0,2.235,0.0,3.0,2.0,-5.93,-13.41,3.0
2024,Usukan Cove,North Borneo,,25.73,1.0,6.71,6.3833,116.4167,11.4,1.23,8.7,0.13464386697185943,8.697993806382117,50.77420223508818,6.597549481621112,2.58,0.67,0.75,0.17,0.33,0.04,0.0,0.13,0.0,0.0,0.0,1.0,1.0,1.0,0.0,,0.0,3.0,2.0,-4.17,-12.4,3.0
2025,Usukan Cove,North Borneo,6.0,32.44,1.0,-16.5,6.3833,116.4167,4.04,1.01,11.4,3.433984606275903,27.930728241563056,23.75666074600355,12.25577264653641,1.0,0.33,1.25,0.79,0.0,0.04,0.76,0.08,0.0,0.0,1.0,0.0,1.0,1.0,0.0,1.645,0.0,3.0,2.0,6.71,-7.12,3.0
